-- MySQL dump 10.13  Distrib 8.0.33, for Win64 (x86_64)
--
-- Host: tada.c12nwqkvtz5l.ap-northeast-2.rds.amazonaws.com    Database: tada
-- ------------------------------------------------------
-- Server version	8.0.32

/*!40101 SET @OLD_CHARACTER_SET_CLIENT=@@CHARACTER_SET_CLIENT */;
/*!40101 SET @OLD_CHARACTER_SET_RESULTS=@@CHARACTER_SET_RESULTS */;
/*!40101 SET @OLD_COLLATION_CONNECTION=@@COLLATION_CONNECTION */;
/*!50503 SET NAMES utf8 */;
/*!40103 SET @OLD_TIME_ZONE=@@TIME_ZONE */;
/*!40103 SET TIME_ZONE='+00:00' */;
/*!40014 SET @OLD_UNIQUE_CHECKS=@@UNIQUE_CHECKS, UNIQUE_CHECKS=0 */;
/*!40014 SET @OLD_FOREIGN_KEY_CHECKS=@@FOREIGN_KEY_CHECKS, FOREIGN_KEY_CHECKS=0 */;
/*!40101 SET @OLD_SQL_MODE=@@SQL_MODE, SQL_MODE='NO_AUTO_VALUE_ON_ZERO' */;
/*!40111 SET @OLD_SQL_NOTES=@@SQL_NOTES, SQL_NOTES=0 */;
SET @MYSQLDUMP_TEMP_LOG_BIN = @@SESSION.SQL_LOG_BIN;
SET @@SESSION.SQL_LOG_BIN= 0;

--
-- GTID state at the beginning of the backup 
--

SET @@GLOBAL.GTID_PURGED=/*!80000 '+'*/ '';

--
-- Table structure for table `host`
--

DROP TABLE IF EXISTS `host`;
/*!40101 SET @saved_cs_client     = @@character_set_client */;
/*!50503 SET character_set_client = utf8mb4 */;
CREATE TABLE `host` (
  `id` varchar(100) NOT NULL,
  `create_time` timestamp NULL DEFAULT NULL,
  `mod_time` timestamp NULL DEFAULT NULL,
  `refresh_token` varchar(255) DEFAULT NULL,
  PRIMARY KEY (`id`)
) ENGINE=InnoDB DEFAULT CHARSET=utf8mb3;
/*!40101 SET character_set_client = @saved_cs_client */;

--
-- Dumping data for table `host`
--

LOCK TABLES `host` WRITE;
/*!40000 ALTER TABLE `host` DISABLE KEYS */;
INSERT INTO `host` VALUES ('kakao_1234','2023-04-28 17:21:54',NULL,'eyJ0eXAiOiJKV1QiLCJyZWdEYXRlIjoxNjgyNjcwMTE0MjUwLCJhbGciOiJIUzI1NiJ9.eyJleHAiOjE2ODM4Nzk3MTQsInN1YiI6InJlZnJlc2hUb2tlbiIsImhvc3RJZCI6Imtha2FvXzEyMzQifQ.rfTSlKIBNSKbY4edEHuxKcpfRs2R8d6vO1KGzKI0HgU'),('kakao_1240120','2023-05-01 13:36:59','2023-05-01 14:50:25',NULL),('kakao_2770060996','2023-05-01 14:58:46','2023-05-18 17:58:40','eyJ0eXAiOiJKV1QiLCJyZWdEYXRlIjoxNjg0NDAwMzE5ODg4LCJhbGciOiJIUzI1NiJ9.eyJleHAiOjE2ODU2MDk5MTksInN1YiI6InJlZnJlc2hUb2tlbiIsImhvc3RJZCI6Imtha2FvXzI3NzAwNjA5OTYifQ.5Lmy0FLkVDhYSaj40e9aJDt5eqtw8_X09KegowFyJ6c'),('kakao_2773629197','2023-05-03 16:52:15','2023-05-18 17:43:54',NULL),('kakao_2773642116','2023-05-03 17:01:52','2023-05-16 19:25:46','eyJ0eXAiOiJKV1QiLCJyZWdEYXRlIjoxNjg0MjMyNzQ2MzkyLCJhbGciOiJIUzI1NiJ9.eyJleHAiOjE2ODU0NDIzNDYsInN1YiI6InJlZnJlc2hUb2tlbiIsImhvc3RJZCI6Imtha2FvXzI3NzM2NDIxMTYifQ.gblFuZ7GKAQ8CPHT__XB7zgmysS8W0iVVcU_D-z3AgY'),('kakao_2790525741','2023-05-15 10:18:26','2023-05-18 23:33:50','eyJ0eXAiOiJKV1QiLCJyZWdEYXRlIjoxNjg0NDIwNDI5NjI2LCJhbGciOiJIUzI1NiJ9.eyJleHAiOjE2ODU2MzAwMjksInN1YiI6InJlZnJlc2hUb2tlbiIsImhvc3RJZCI6Imtha2FvXzI3OTA1MjU3NDEifQ.X27QIZanMEHFS2VisduZwszN9wjJ5pDa6kAc-uz8H_Q'),('kakao_2790525913','2023-05-17 13:26:02','2023-05-19 00:49:32','eyJ0eXAiOiJKV1QiLCJyZWdEYXRlIjoxNjg0NDI0OTcxNzI3LCJhbGciOiJIUzI1NiJ9.eyJleHAiOjE2ODU2MzQ1NzEsInN1YiI6InJlZnJlc2hUb2tlbiIsImhvc3RJZCI6Imtha2FvXzI3OTA1MjU5MTMifQ.9LjmsjHX1nq8YK4e9KqtXFIxQC4iV_h4R2krYPn37oY'),('kakao_2790559821','2023-05-15 10:42:46','2023-05-17 15:56:06','eyJ0eXAiOiJKV1QiLCJyZWdEYXRlIjoxNjg0MzA2NTY1NzM5LCJhbGciOiJIUzI1NiJ9.eyJleHAiOjE2ODU1MTYxNjUsInN1YiI6InJlZnJlc2hUb2tlbiIsImhvc3RJZCI6Imtha2FvXzI3OTA1NTk4MjEifQ.0Sistm2v2AqkdPkvwkuGUWuafrKq49qY7p_SuyVHs4E'),('kakao_2795255075','2023-05-18 13:55:57','2023-05-18 13:56:18',NULL),('kakao_2795756279','2023-05-18 19:54:12','2023-05-18 19:54:12','eyJ0eXAiOiJKV1QiLCJyZWdEYXRlIjoxNjg0NDA3MjUyMzAzLCJhbGciOiJIUzI1NiJ9.eyJleHAiOjE2ODU2MTY4NTIsInN1YiI6InJlZnJlc2hUb2tlbiIsImhvc3RJZCI6Imtha2FvXzI3OTU3NTYyNzkifQ.CXwXfcX37nsyb4zMt11reDAQdj--Hv_lXp6q2tygl28'),('kakao_null','2023-05-01 15:46:17','2023-05-12 15:05:34','eyJ0eXAiOiJKV1QiLCJyZWdEYXRlIjoxNjgzODcxNTM0Mzc2LCJhbGciOiJIUzI1NiJ9.eyJleHAiOjE2ODUwODExMzQsInN1YiI6InJlZnJlc2hUb2tlbiIsImhvc3RJZCI6Imtha2FvX251bGwifQ.-5EEtuJiONTs3CiBXl2I0bsgb4o7mYzXNnb7IbBGxaA');
/*!40000 ALTER TABLE `host` ENABLE KEYS */;
UNLOCK TABLES;

--
-- Table structure for table `room`
--

DROP TABLE IF EXISTS `room`;
/*!40101 SET @saved_cs_client     = @@character_set_client */;
/*!50503 SET character_set_client = utf8mb4 */;
CREATE TABLE `room` (
  `id` bigint NOT NULL AUTO_INCREMENT,
  `name` varchar(30) DEFAULT NULL,
  `code` varchar(10) DEFAULT NULL,
  `status` int DEFAULT NULL,
  `play_time` int DEFAULT NULL,
  `create_time` timestamp NULL DEFAULT NULL,
  `mod_time` timestamp NULL DEFAULT NULL,
  `start_time` timestamp NULL DEFAULT NULL,
  `host_id` varchar(100) NOT NULL,
  PRIMARY KEY (`id`),
  KEY `fk_room_host_idx` (`host_id`),
  CONSTRAINT `fk_room_host` FOREIGN KEY (`host_id`) REFERENCES `host` (`id`)
) ENGINE=InnoDB AUTO_INCREMENT=115 DEFAULT CHARSET=utf8mb3;
/*!40101 SET character_set_client = @saved_cs_client */;

--
-- Dumping data for table `room`
--

LOCK TABLES `room` WRITE;
/*!40000 ALTER TABLE `room` DISABLE KEYS */;
INSERT INTO `room` VALUES (1,'오삼불고기 야유회','ekotQrpTA',5,15,'2023-05-01 16:57:04','2023-05-18 17:59:13','2023-05-01 17:14:27','kakao_2770060996'),(2,'오삼불고기따따따','qK4EJcY1',5,65,'2023-05-03 17:35:04','2023-05-10 10:07:07','2023-05-10 10:07:02','kakao_2773642116'),(3,'이유경의 보물 찾기','2uFhLyR5w',5,10,'2023-05-10 10:45:16','2023-05-10 11:03:37','2023-05-10 10:49:51','kakao_2773642116'),(4,'반가워옹','2uVleHtas',5,15,'2023-05-10 11:03:40','2023-05-11 15:38:03','2023-05-11 15:15:33','kakao_2773642116'),(5,'오삼불고기 모여라~','2Sjk8g36w',5,30,'2023-05-11 15:39:20','2023-05-11 16:30:55','2023-05-11 16:30:43','kakao_2773642116'),(6,'타다','2T1fEemty',5,20,'2023-05-11 16:31:56','2023-05-11 17:28:24','2023-05-11 17:27:20','kakao_2773642116'),(7,'ㅋㅋ','2TOzKeK5D',5,5,'2023-05-11 17:28:25','2023-05-11 17:39:24','2023-05-11 17:30:51','kakao_2773642116'),(8,'하하하','2TYdaKGFz',5,5,'2023-05-11 17:39:28','2023-05-11 17:47:23','2023-05-11 17:40:07','kakao_2773642116'),(9,'d=날봐!','363ykKzw',5,3,'2023-05-12 10:54:05','2023-05-12 11:17:59','2023-05-12 11:15:19','kakao_2773642116'),(10,'한원석','36orBzO0',5,2,'2023-05-12 11:18:00','2023-05-12 13:19:30','2023-05-12 13:19:07','kakao_2773642116'),(11,'이유경','382yyvFHH',5,1,'2023-05-12 13:19:32','2023-05-12 13:23:56','2023-05-12 13:22:23','kakao_2773642116'),(12,'유경','389G1GRJL',5,3,'2023-05-12 13:27:41','2023-05-12 13:31:02','2023-05-12 13:29:53','kakao_2773642116'),(13,'하이','38j.gSwxH',5,15,'2023-05-12 13:39:30','2023-05-12 14:54:50','2023-05-12 14:43:42','kakao_2773642116'),(14,'유경이의 방','39lRZKt6w',5,3,'2023-05-12 14:54:57','2023-05-12 16:26:43','2023-05-12 16:25:15','kakao_2773642116'),(15,'한원석의 방','39SVTFtQu',5,50,'2023-05-12 15:32:49','2023-05-12 15:37:39','2023-05-12 15:35:37','kakao_2773629197'),(16,'테스트 방','39XcI4aHs',5,10,'2023-05-12 15:37:44','2023-05-12 15:46:03','2023-05-12 15:38:48','kakao_2773629197'),(17,'원석의 방입니다.','3ay8jUSyr',5,30,'2023-05-12 16:22:19','2023-05-12 16:28:14','2023-05-12 16:27:08','kakao_2773629197'),(18,'지누션과 함께하는 보물찾기','3aDk72abx',5,30,'2023-05-12 16:28:15','2023-05-12 17:00:30','2023-05-12 16:36:43','kakao_2773629197'),(19,'타-다 월드!','3b3u8z75N',5,50,'2023-05-12 17:00:30','2023-05-15 14:02:09','2023-05-12 17:03:29','kakao_2773629197'),(20,'튜썸플레이스','3cRirbW.m',5,5,'2023-05-12 19:10:52','2023-05-12 19:18:59','2023-05-12 19:18:07','kakao_2773642116'),(21,'이유경의 방','3P57u7ZWc',5,5,'2023-05-14 17:54:25','2023-05-16 15:50:22','2023-05-16 12:54:18','kakao_2773642116'),(22,'재희방','40wx1dxf_',5,2,'2023-05-15 10:18:43','2023-05-17 14:33:44','2023-05-17 14:31:39','kakao_2790525741'),(24,'컨','40RyEP7Ek',5,120,'2023-05-15 10:42:48','2023-05-17 15:56:11','2023-05-15 10:56:04','kakao_2790559821'),(25,'김민경 바보멍청이','43zL5U72B',5,30,'2023-05-15 14:02:18','2023-05-15 14:13:10','2023-05-15 14:12:40','kakao_2773629197'),(26,'전기도둑 이유경의 방','43_Mk5Sww',5,15,'2023-05-15 14:34:24','2023-05-15 15:41:32','2023-05-15 14:48:03','kakao_2773629197'),(28,'테스트','44Wp3sS08',5,10,'2023-05-15 15:41:33','2023-05-15 16:02:03','2023-05-15 15:42:55','kakao_2773629197'),(29,'전기도둑 이유경님의 방','45cm.Ny05',5,30,'2023-05-15 16:02:08','2023-05-15 16:18:29','2023-05-15 16:12:05','kakao_2773629197'),(30,'1234','45ysHLnNt',5,15,'2023-05-15 16:27:26','2023-05-15 16:31:08','2023-05-15 16:28:23','kakao_2773629197'),(31,'킴','45KW.i_bh',5,10,'2023-05-15 16:41:43','2023-05-15 16:46:27','2023-05-15 16:45:38','kakao_2773629197'),(32,'하이요','46olCgO4.',5,10,'2023-05-15 17:29:09','2023-05-15 17:36:54','2023-05-15 17:33:56','kakao_2773629197'),(33,'테스트방','46E2RadsC',5,10,'2023-05-15 17:47:08','2023-05-16 13:10:32','2023-05-15 17:49:46','kakao_2773629197'),(34,'테스트','4mvRiAyPR',5,10,'2023-05-16 13:10:33','2023-05-16 14:04:34','2023-05-16 14:03:09','kakao_2773629197'),(35,'test','4nf4WFyGr',5,10,'2023-05-16 14:04:39','2023-05-16 14:10:37','2023-05-16 14:06:17','kakao_2773629197'),(36,'GD','4nvcRpzKK',5,10,'2023-05-16 14:23:07','2023-05-16 14:41:20','2023-05-16 14:24:14','kakao_2773629197'),(37,'안녕하세유?','4oCy3_.4h',5,10,'2023-05-16 15:44:49','2023-05-16 16:52:27','2023-05-16 16:52:22','kakao_2773629197'),(39,NULL,'4oHoTY6si',1,NULL,'2023-05-16 15:50:23','2023-05-16 15:50:23',NULL,'kakao_2773642116'),(40,'Hello Ta-Da world!','4D7SnShpS',5,30,'2023-05-17 09:29:12','2023-05-17 13:37:06','2023-05-17 13:31:00','kakao_2773629197'),(44,'Ta-Da world!','4GSpzFVqd',5,10,'2023-05-17 14:02:25','2023-05-17 14:24:13','2023-05-17 14:08:54','kakao_2773629197'),(47,'호랭이','4HhMYRHh_',5,2,'2023-05-17 14:33:45','2023-05-17 14:38:34','2023-05-17 14:35:23','kakao_2790525741'),(48,'호랑이','4HobiGJj.',5,2,'2023-05-17 14:41:06','2023-05-17 16:43:17','2023-05-17 14:49:49','kakao_2790525741'),(49,'Ta-Da world!','4HoTPv.RS',5,5,'2023-05-17 14:41:53','2023-05-17 14:59:14','2023-05-17 14:58:05','kakao_2773629197'),(51,'김재희 입장금지.','4HEcZ9D_c',5,10,'2023-05-17 14:59:27','2023-05-17 16:15:19','2023-05-17 15:00:51','kakao_2773629197'),(56,NULL,'4IpMEi0st',1,NULL,'2023-05-17 15:56:13','2023-05-17 15:56:13',NULL,'kakao_2790559821'),(58,'해위','4IYoruqRh',5,12,'2023-05-17 16:35:52','2023-05-18 11:02:44','2023-05-18 10:02:10','kakao_2773629197'),(60,'재희방','4J2UtEuS4',5,1,'2023-05-17 16:43:18','2023-05-17 16:52:11','2023-05-17 16:51:42','kakao_2790525741'),(61,'재희방','4JaFudId5',5,30,'2023-05-17 16:52:12','2023-05-17 16:53:08','2023-05-17 16:52:48','kakao_2790525741'),(62,'오삼야유회','4JklKuMWZ',5,30,'2023-05-17 17:03:18','2023-05-17 17:20:15','2023-05-17 17:16:49','kakao_2790525913'),(63,'D','4WeCi1.4m',5,2,'2023-05-18 08:49:38','2023-05-18 09:17:14','2023-05-18 08:50:41','kakao_2790525913'),(64,'오삼야유회','4WCKdjuif',5,3,'2023-05-18 09:17:16','2023-05-18 09:23:14','2023-05-18 09:19:43','kakao_2790525913'),(65,'ㅎ','4WHY.KbuL',5,19,'2023-05-18 09:23:15','2023-05-18 09:26:34','2023-05-18 09:24:53','kakao_2790525913'),(66,'ㅇ','4WKSUQVgl',5,10,'2023-05-18 09:26:35','2023-05-18 10:15:57','2023-05-18 09:27:47','kakao_2790525913'),(67,'오삼야유회','4Xqj6KQcs',5,30,'2023-05-18 10:16:20','2023-05-18 10:21:44','2023-05-18 10:20:11','kakao_2790525913'),(68,'오삼야유회','4Xv9D3UIQ',5,30,'2023-05-18 10:21:54','2023-05-18 10:31:57','2023-05-18 10:29:13','kakao_2790525913'),(69,'오삼야유회','4XFcij6Oc',5,30,'2023-05-18 10:33:24','2023-05-18 10:46:44','2023-05-18 10:46:17','kakao_2790525913'),(70,'오삼야유회','4XSlC_OZC',5,30,'2023-05-18 10:48:27','2023-05-18 11:03:04','2023-05-18 10:55:17','kakao_2790525913'),(71,'gg','4Y2RmqKRd',5,12,'2023-05-18 11:02:46','2023-05-18 14:44:54','2023-05-18 11:04:35','kakao_2773629197'),(72,'오삼야유회','4YafrAmco',5,30,'2023-05-18 11:11:15','2023-05-18 11:24:43','2023-05-18 11:21:51','kakao_2790525913'),(73,'Ta-Da World!','4ZX6W04Xt',5,10,'2023-05-18 13:20:31','2023-05-18 13:24:14','2023-05-18 13:22:54','kakao_2790525741'),(74,'Ta-Da World!','4Z.XHWNwp',5,10,'2023-05-18 13:24:54','2023-05-18 13:28:34','2023-05-18 13:26:23','kakao_2790525741'),(75,'Ta-Da World!','4.baLwM5G',5,10,'2023-05-18 13:38:55','2023-05-18 13:56:36','2023-05-18 13:42:15','kakao_2790525741'),(76,'test','4.g_83NA1',5,5,'2023-05-18 13:45:34','2023-05-18 13:55:02','2023-05-18 13:48:37','kakao_2790525913'),(77,'fd','4.pgyObyL',5,5,'2023-05-18 13:55:03','2023-05-18 15:42:34','2023-05-18 13:58:23','kakao_2790525913'),(78,NULL,'4.q4kfluN',1,NULL,'2023-05-18 13:55:59','2023-05-18 13:55:59',NULL,'kakao_2795255075'),(79,'Ta-Da World!','4.rXv.9RM',5,10,'2023-05-18 13:58:06','2023-05-18 14:04:27','2023-05-18 14:03:16','kakao_2790525741'),(80,'Ta-Da World!','4.z8zBFEB',5,10,'2023-05-18 14:06:22','2023-05-18 14:11:17','2023-05-18 14:09:34','kakao_2790525741'),(81,'tada','4_1MPLK5h',5,10,'2023-05-18 14:41:26','2023-05-18 14:55:38','2023-05-18 14:43:37','kakao_2790525741'),(82,'tgg','4_4PfyDaE',5,10,'2023-05-18 14:44:55','2023-05-18 17:40:13','2023-05-18 16:02:06','kakao_2773629197'),(83,'오삼상사','4_uPsRPNt',5,30,'2023-05-18 15:14:42','2023-05-18 15:16:54','2023-05-18 15:16:51','kakao_2790525741'),(84,'오삼상사','4_wUFUGOQ',5,30,'2023-05-18 15:17:05','2023-05-18 15:21:33','2023-05-18 15:20:31','kakao_2790525741'),(85,'ㅁㅁ','4_AOJfKUm',5,10,'2023-05-18 15:21:34','2023-05-18 15:24:36','2023-05-18 15:23:28','kakao_2790525741'),(86,'AA','4_DxmYa7Z',5,12,'2023-05-18 15:24:41','2023-05-18 15:26:29','2023-05-18 15:25:24','kakao_2790525741'),(87,'오삼상사','4_FkSh2xq',5,30,'2023-05-18 15:26:45','2023-05-18 16:16:23','2023-05-18 15:37:42','kakao_2790525741'),(88,'오삼야유회','4_TfA1VpO',5,30,'2023-05-18 15:42:41','2023-05-18 16:02:21','2023-05-18 15:59:31','kakao_2790525913'),(89,'오삼','50kH1dVyA',5,30,'2023-05-18 16:16:24','2023-05-18 23:01:15','2023-05-18 17:45:37','kakao_2790525741'),(90,'sadtsd','51tUnIW87',3,10,'2023-05-18 17:40:15','2023-05-18 17:41:36','2023-05-18 17:41:36','kakao_2773629197'),(91,'테스트방','51KuFnxGK',3,10,'2023-05-18 17:59:15','2023-05-18 18:02:32','2023-05-18 18:02:32','kakao_2770060996'),(92,'Kk','53iT9ssRA',4,20,'2023-05-18 19:54:14','2023-05-18 19:57:20','2023-05-18 19:56:38','kakao_2795756279'),(93,'Ta-Da World!','55Sgx_EJE',5,30,'2023-05-18 23:01:22','2023-05-18 23:06:34','2023-05-18 23:03:39','kakao_2790525741'),(94,'Ta-Da World!','55WPK16Ht',5,30,'2023-05-18 23:06:35','2023-05-18 23:10:03','2023-05-18 23:08:13','kakao_2790525741'),(95,'Test','55ZYor_g4',5,10,'2023-05-18 23:10:10','2023-05-18 23:13:33','2023-05-18 23:11:39','kakao_2790525741'),(96,'333트','561jiWI_L',5,10,'2023-05-18 23:14:01','2023-05-18 23:17:05','2023-05-18 23:15:14','kakao_2790525741'),(97,'4444','5644pfjF_',5,11,'2023-05-18 23:17:11','2023-05-18 23:28:30','2023-05-18 23:18:33','kakao_2790525741'),(98,'55','56d.krXCV',5,30,'2023-05-18 23:28:32','2023-05-18 23:31:11','2023-05-18 23:30:35','kakao_2790525741'),(99,'dfasd','56giNu5vq',5,33,'2023-05-18 23:31:11','2023-05-18 23:33:41','2023-05-18 23:32:42','kakao_2790525741'),(100,'ddf','56iD7.qY4',5,38,'2023-05-18 23:33:50','2023-05-18 23:36:37','2023-05-18 23:35:37','kakao_2790525741'),(101,'final','56kEknbDX',5,5,'2023-05-18 23:36:09','2023-05-18 23:46:52','2023-05-18 23:40:59','kakao_2790525913'),(102,'dd','56l33ZCzv',3,10,'2023-05-18 23:36:38','2023-05-18 23:37:35','2023-05-18 23:37:35','kakao_2790525741'),(103,'test2','56uagLrqS',5,3,'2023-05-18 23:47:04','2023-05-18 23:52:41','2023-05-18 23:49:33','kakao_2790525913'),(104,'test3','56zcObMPy',5,3,'2023-05-18 23:52:50','2023-05-18 23:56:23','2023-05-18 23:54:29','kakao_2790525913'),(105,'test4','56CulPZTF',5,3,'2023-05-18 23:56:35','2023-05-19 00:01:19','2023-05-18 23:59:29','kakao_2790525913'),(106,'test5','56Hcf7d3g',5,3,'2023-05-19 00:02:00','2023-05-19 00:04:24','2023-05-19 00:03:19','kakao_2790525913'),(109,'test6','56Pu5QDYY',5,3,'2023-05-19 00:11:29','2023-05-19 00:13:23','2023-05-19 00:12:34','kakao_2790525913'),(110,'test7','56RdBKmee',5,5,'2023-05-19 00:13:28','2023-05-19 00:16:00','2023-05-19 00:15:19','kakao_2790525913'),(111,'test8','56TvR84x.',5,6,'2023-05-19 00:16:05','2023-05-19 00:26:08','2023-05-19 00:18:45','kakao_2790525913'),(112,'test9','570ijl2la',5,5,'2023-05-19 00:26:09','2023-05-19 00:32:57','2023-05-19 00:29:53','kakao_2790525913'),(113,'test10','57kKBo1CO',5,60,'2023-05-19 00:49:34','2023-05-19 01:00:40','2023-05-19 00:52:06','kakao_2790525913'),(114,'test11','57usKddCe',3,60,'2023-05-19 01:00:42','2023-05-19 01:02:13','2023-05-19 01:02:13','kakao_2790525913');
/*!40000 ALTER TABLE `room` ENABLE KEYS */;
UNLOCK TABLES;

--
-- Table structure for table `treasure`
--

DROP TABLE IF EXISTS `treasure`;
/*!40101 SET @saved_cs_client     = @@character_set_client */;
/*!50503 SET character_set_client = utf8mb4 */;
CREATE TABLE `treasure` (
  `id` bigint NOT NULL AUTO_INCREMENT,
  `room_id` bigint NOT NULL,
  `img_path` varchar(255) DEFAULT NULL,
  `img_base_path` varchar(255) DEFAULT NULL,
  `lat` varchar(45) DEFAULT NULL,
  `lng` varchar(45) DEFAULT NULL,
  `hint` varchar(45) DEFAULT NULL,
  `reward_img_path` varchar(255) DEFAULT NULL,
  `reward_img_base_path` varchar(255) DEFAULT NULL,
  `reward` varchar(45) DEFAULT NULL,
  `status` bit(1) NOT NULL DEFAULT b'0',
  `finder_id` varchar(45) DEFAULT NULL,
  `create_time` timestamp NULL DEFAULT NULL,
  `mod_time` timestamp NULL DEFAULT NULL,
  PRIMARY KEY (`id`),
  KEY `fk_treasure_room1_idx` (`room_id`),
  KEY `fk_treasure_user2_idx` (`finder_id`),
  CONSTRAINT `fk_treasure_room1` FOREIGN KEY (`room_id`) REFERENCES `room` (`id`) ON DELETE CASCADE ON UPDATE CASCADE,
  CONSTRAINT `fk_treasure_user2` FOREIGN KEY (`finder_id`) REFERENCES `user` (`id`)
) ENGINE=InnoDB AUTO_INCREMENT=216 DEFAULT CHARSET=utf8mb3;
/*!40101 SET character_set_client = @saved_cs_client */;

--
-- Dumping data for table `treasure`
--

LOCK TABLES `treasure` WRITE;
/*!40000 ALTER TABLE `treasure` DISABLE KEYS */;
INSERT INTO `treasure` VALUES (6,1,'https://d2ab9z4xn2ddpo.cloudfront.net/rooms/1/treasures/95aa9224-ff30-42fe-b079-50dc9922ce20treasure.png','https://ssafytada.s3.ap-northeast-2.amazonaws.com/rooms/1/treasures/95aa9224-ff30-42fe-b079-50dc9922ce20treasure.png','37.5128064','127.0284288','힌트 테스트 4','https://d2ab9z4xn2ddpo.cloudfront.net/rooms/1/rewards/63ed6a79-1f52-48af-9845-ce56c0b106d1reward.png','https://ssafytada.s3.ap-northeast-2.amazonaws.com/rooms/1/rewards/63ed6a79-1f52-48af-9845-ce56c0b106d1reward.png','보상 설명 테스트 4',_binary '','13_230985','2023-05-04 15:33:36','2023-05-12 16:55:37'),(7,1,'https://d2ab9z4xn2ddpo.cloudfront.net/rooms/1/treasures/dd772d66-8de1-4f21-9448-16dc1e1dba1ctreasure.png','https://ssafytada.s3.ap-northeast-2.amazonaws.com/rooms/1/treasures/dd772d66-8de1-4f21-9448-16dc1e1dba1ctreasure.png','37.5128064','127.0284288','힌트 테스트 4','https://d2ab9z4xn2ddpo.cloudfront.net/rooms/1/rewards/72242864-21f3-4b64-902d-bf1e3e36de85reward.png','https://ssafytada.s3.ap-northeast-2.amazonaws.com/rooms/1/rewards/72242864-21f3-4b64-902d-bf1e3e36de85reward.png','보상 설명 테스트 4',_binary '','4_12341234','2023-05-04 15:35:16','2023-05-11 10:25:40'),(44,5,'https://d2ab9z4xn2ddpo.cloudfront.net/rooms/5/treasures/dc1af243-dc64-4a79-b804-37ce90284485image.png','https://ssafytada.s3.ap-northeast-2.amazonaws.com/rooms/5/treasures/dc1af243-dc64-4a79-b804-37ce90284485image.png','37.51311386664517','127.02938582318711','이유경의 학생증','https://d2ab9z4xn2ddpo.cloudfront.net/rooms/5/rewards/97b798e2-93e0-4e83-8e28-6a1b424941cfimage.png','https://ssafytada.s3.ap-northeast-2.amazonaws.com/rooms/5/rewards/97b798e2-93e0-4e83-8e28-6a1b424941cfimage.png','탕탕탕',_binary '\0',NULL,'2023-05-11 15:47:31','2023-05-11 15:47:31'),(45,5,'https://d2ab9z4xn2ddpo.cloudfront.net/rooms/5/treasures/131bc704-3be4-40ac-9b7d-99f9b32ef531image.png','https://ssafytada.s3.ap-northeast-2.amazonaws.com/rooms/5/treasures/131bc704-3be4-40ac-9b7d-99f9b32ef531image.png','37.51245610266881','127.02950998455141','이유경의 립스틱','','','마음.',_binary '\0',NULL,'2023-05-11 15:47:57','2023-05-11 15:47:57'),(46,4,'https://d2ab9z4xn2ddpo.cloudfront.net/rooms/6/treasures/303084d8-5a08-4cc7-8de4-6fb70cda9392jpeg','https://ssafytada.s3.ap-northeast-2.amazonaws.com/rooms/6/treasures/303084d8-5a08-4cc7-8de4-6fb70cda9392jpeg','37.501278442162764','127.03958204151223',NULL,'https://d2ab9z4xn2ddpo.cloudfront.net/rooms/6/rewards/465f7944-f345-4113-aac6-105c24a78042303ad402853e32eadb26df8de77612de.jpg','https://ssafytada.s3.ap-northeast-2.amazonaws.com/rooms/6/rewards/465f7944-f345-4113-aac6-105c24a78042303ad402853e32eadb26df8de77612de.jpg','리워드',_binary '','4_12341234','2023-05-11 17:06:15','2023-05-11 17:13:17'),(47,6,'https://d2ab9z4xn2ddpo.cloudfront.net/rooms/6/treasures/4c3abf6e-2770-4ed1-9e88-01012d79c131image.png','https://ssafytada.s3.ap-northeast-2.amazonaws.com/rooms/6/treasures/4c3abf6e-2770-4ed1-9e88-01012d79c131image.png','37.5128064','127.0284288','유경','','','키키',_binary '\0',NULL,'2023-05-11 17:21:30','2023-05-11 17:21:30'),(48,7,'https://d2ab9z4xn2ddpo.cloudfront.net/rooms/7/treasures/61223f34-4efc-4296-a2a5-a1ac5d655e1dimage.png','https://ssafytada.s3.ap-northeast-2.amazonaws.com/rooms/7/treasures/61223f34-4efc-4296-a2a5-a1ac5d655e1dimage.png','37.51314996007502','127.02917092937186','부국빌딩의 이유경','','','하하하하하',_binary '\0',NULL,'2023-05-11 17:28:45','2023-05-11 17:28:45'),(49,8,'https://d2ab9z4xn2ddpo.cloudfront.net/rooms/8/treasures/d36dcf5c-0dd1-41ec-88db-0ade90dc5774image.png','https://ssafytada.s3.ap-northeast-2.amazonaws.com/rooms/8/treasures/d36dcf5c-0dd1-41ec-88db-0ade90dc5774image.png','37.5128064','127.0284288','ㅋㅋ','','','하하',_binary '\0',NULL,'2023-05-11 17:39:58','2023-05-11 17:39:58'),(50,9,'https://d2ab9z4xn2ddpo.cloudfront.net/rooms/9/treasures/227ff112-cfd8-4719-baf8-bf53c05a6326image.png','https://ssafytada.s3.ap-northeast-2.amazonaws.com/rooms/9/treasures/227ff112-cfd8-4719-baf8-bf53c05a6326image.png','37.5013424','127.0396995','찌그러진 이유경','','','이유경의 칭찬',_binary '\0',NULL,'2023-05-12 10:54:37','2023-05-12 10:54:37'),(51,9,'https://d2ab9z4xn2ddpo.cloudfront.net/rooms/9/treasures/fd25c78e-9aa4-4d5e-a03b-6dae04052c58image.png','https://ssafytada.s3.ap-northeast-2.amazonaws.com/rooms/9/treasures/fd25c78e-9aa4-4d5e-a03b-6dae04052c58image.png','37.50149662943087','127.04048689166137','이유경의 손','https://d2ab9z4xn2ddpo.cloudfront.net/rooms/9/rewards/eda3ceb6-2f3f-4159-92dd-1126c47ac28dpng','https://ssafytada.s3.ap-northeast-2.amazonaws.com/rooms/9/rewards/eda3ceb6-2f3f-4159-92dd-1126c47ac28dpng','',_binary '\0',NULL,'2023-05-12 10:55:51','2023-05-12 10:55:51'),(52,10,'https://d2ab9z4xn2ddpo.cloudfront.net/rooms/10/treasures/79a9024a-6c3d-4cfc-bec6-d760aac74b59image.png','https://ssafytada.s3.ap-northeast-2.amazonaws.com/rooms/10/treasures/79a9024a-6c3d-4cfc-bec6-d760aac74b59image.png','37.5128064','127.0284288','웃음','','','미소',_binary '\0',NULL,'2023-05-12 11:18:24','2023-05-12 11:18:24'),(53,11,'https://d2ab9z4xn2ddpo.cloudfront.net/rooms/11/treasures/f2610ac4-56c7-43cb-92ba-6ad6d714a024image.png','https://ssafytada.s3.ap-northeast-2.amazonaws.com/rooms/11/treasures/f2610ac4-56c7-43cb-92ba-6ad6d714a024image.png','37.5128064','127.0284288','유경','','','ㄹ',_binary '\0',NULL,'2023-05-12 13:20:04','2023-05-12 13:20:04'),(54,11,'https://d2ab9z4xn2ddpo.cloudfront.net/rooms/11/treasures/c23283c9-0469-47e7-9412-e1e5ae3d32a1image.png','https://ssafytada.s3.ap-northeast-2.amazonaws.com/rooms/11/treasures/c23283c9-0469-47e7-9412-e1e5ae3d32a1image.png','37.5128064','127.0284288','ㅋㅋ','','','ㅋㅋ',_binary '\0',NULL,'2023-05-12 13:20:42','2023-05-12 13:20:42'),(55,11,'https://d2ab9z4xn2ddpo.cloudfront.net/rooms/11/treasures/4b1940ae-f7dc-433e-a0f6-f342bf49a468image.png','https://ssafytada.s3.ap-northeast-2.amazonaws.com/rooms/11/treasures/4b1940ae-f7dc-433e-a0f6-f342bf49a468image.png','37.51305980359032','127.02939711292261','ㅋㅋ','','','ㅎㅎ',_binary '\0',NULL,'2023-05-12 13:21:01','2023-05-12 13:21:01'),(56,12,'https://d2ab9z4xn2ddpo.cloudfront.net/rooms/12/treasures/b887030f-f099-4ad6-a05b-af8f23b9ac17image.png','https://ssafytada.s3.ap-northeast-2.amazonaws.com/rooms/12/treasures/b887030f-f099-4ad6-a05b-af8f23b9ac17image.png','37.5128064','127.0284288','ㅁㅁ','','','ㅁㅁ',_binary '\0',NULL,'2023-05-12 13:29:21','2023-05-12 13:29:21'),(57,13,'https://d2ab9z4xn2ddpo.cloudfront.net/rooms/13/treasures/2954266d-10b6-449c-b3a1-33510aa66b66image.png','https://ssafytada.s3.ap-northeast-2.amazonaws.com/rooms/13/treasures/2954266d-10b6-449c-b3a1-33510aa66b66image.png','37.5128064','127.0284288','ㅋ','','','ㅋ',_binary '\0',NULL,'2023-05-12 13:40:45','2023-05-12 13:40:45'),(58,15,'https://d2ab9z4xn2ddpo.cloudfront.net/rooms/15/treasures/957848e0-58db-4d9b-9814-87cf2d62a1f5image.png','https://ssafytada.s3.ap-northeast-2.amazonaws.com/rooms/15/treasures/957848e0-58db-4d9b-9814-87cf2d62a1f5image.png','37.51296991400311','127.02853744786485','숨어','','','치킨 한마리',_binary '\0',NULL,'2023-05-12 15:34:31','2023-05-12 15:34:31'),(59,16,'https://d2ab9z4xn2ddpo.cloudfront.net/rooms/16/treasures/7e2287f3-0fb9-4bfb-870b-ba57de23def2image.png','https://ssafytada.s3.ap-northeast-2.amazonaws.com/rooms/16/treasures/7e2287f3-0fb9-4bfb-870b-ba57de23def2image.png','37.5128064','127.0284288','ㅅㄷㄴㅅ','','','ㅅㅅㅂ',_binary '\0',NULL,'2023-05-12 15:38:03','2023-05-12 15:38:03'),(60,14,'https://d2ab9z4xn2ddpo.cloudfront.net/rooms/14/treasures/c09a1720-d886-4cf1-accc-ca914ebaaae2image.png','https://ssafytada.s3.ap-northeast-2.amazonaws.com/rooms/14/treasures/c09a1720-d886-4cf1-accc-ca914ebaaae2image.png','37.513374935013665','127.03026818194893','홈플러스의 이유경','','','ㅋㅋ',_binary '',NULL,'2023-05-12 16:23:25','2023-05-12 16:23:25'),(61,14,'https://d2ab9z4xn2ddpo.cloudfront.net/rooms/14/treasures/70dcbd96-3575-435f-a734-373a6338196eimage.png','https://ssafytada.s3.ap-northeast-2.amazonaws.com/rooms/14/treasures/70dcbd96-3575-435f-a734-373a6338196eimage.png','37.5128064','127.0284288','이유경의 손바닥','','','하하하하',_binary '\0',NULL,'2023-05-12 16:23:43','2023-05-12 16:23:43'),(62,17,'https://d2ab9z4xn2ddpo.cloudfront.net/rooms/17/treasures/af29959e-88e5-47bd-9e5e-083aa401e33dimage.png','https://ssafytada.s3.ap-northeast-2.amazonaws.com/rooms/17/treasures/af29959e-88e5-47bd-9e5e-083aa401e33dimage.png','37.5128064','127.0284288','당신의 옆','','','정답! 보상은 ~~입니다.',_binary '\0',NULL,'2023-05-12 16:25:26','2023-05-12 16:25:26'),(63,18,'https://d2ab9z4xn2ddpo.cloudfront.net/rooms/18/treasures/0f146bb5-bd93-49b9-8f7e-dabbde20f4daimage.png','https://ssafytada.s3.ap-northeast-2.amazonaws.com/rooms/18/treasures/0f146bb5-bd93-49b9-8f7e-dabbde20f4daimage.png','37.50124917462562','127.03953678946304','당신의 바로 옆,, 바로 뒤,,','','','멀캠 옆 보물입니다.~~',_binary '\0',NULL,'2023-05-12 16:32:45','2023-05-12 16:32:45'),(64,18,'https://d2ab9z4xn2ddpo.cloudfront.net/rooms/18/treasures/29e92d78-c880-4d8a-aeda-16f1e6462dddimage.png','https://ssafytada.s3.ap-northeast-2.amazonaws.com/rooms/18/treasures/29e92d78-c880-4d8a-aeda-16f1e6462dddimage.png','37.51437883853085','127.03294366986272','당신의 뒤','','','학동역 보물이요',_binary '\0',NULL,'2023-05-12 16:33:55','2023-05-12 16:33:55'),(65,19,'https://d2ab9z4xn2ddpo.cloudfront.net/rooms/19/treasures/412a1dc9-4c98-42eb-a604-0af6ed6e0d3fimage.png','https://ssafytada.s3.ap-northeast-2.amazonaws.com/rooms/19/treasures/412a1dc9-4c98-42eb-a604-0af6ed6e0d3fimage.png','37.51285282977744','127.02834511797197','테스트 문제!','','','플로라랩',_binary '','4_246333890','2023-05-12 17:01:28','2023-05-12 17:11:28'),(66,19,'https://d2ab9z4xn2ddpo.cloudfront.net/rooms/19/treasures/1e329c34-9f6f-42df-a307-1b9105ae3896image.png','https://ssafytada.s3.ap-northeast-2.amazonaws.com/rooms/19/treasures/1e329c34-9f6f-42df-a307-1b9105ae3896image.png','37.50121766211582','127.03946891797668','당신의 뒤','','','보상은 공짜 점심입니다.',_binary '\0',NULL,'2023-05-12 17:02:34','2023-05-12 17:02:34'),(67,20,'https://d2ab9z4xn2ddpo.cloudfront.net/rooms/20/treasures/d326227e-30f6-4683-a3f8-4fb94acc65ceimage.png','https://ssafytada.s3.ap-northeast-2.amazonaws.com/rooms/20/treasures/d326227e-30f6-4683-a3f8-4fb94acc65ceimage.png','37.49998462152302','127.0352387182192','미워','','','힝',_binary '\0',NULL,'2023-05-12 19:11:48','2023-05-12 19:11:48'),(68,20,'https://d2ab9z4xn2ddpo.cloudfront.net/rooms/20/treasures/797d2270-9285-486a-aef5-02b1513d10fdimage.png','https://ssafytada.s3.ap-northeast-2.amazonaws.com/rooms/20/treasures/797d2270-9285-486a-aef5-02b1513d10fdimage.png','37.4996327','127.034149','에어팟','','','ㅋㅋ',_binary '\0',NULL,'2023-05-12 19:12:11','2023-05-12 19:12:11'),(70,24,'https://d2ab9z4xn2ddpo.cloudfront.net/rooms/24/treasures/b53e68c3-08af-4fc8-8f41-24b87f514d18image.png','https://ssafytada.s3.ap-northeast-2.amazonaws.com/rooms/24/treasures/b53e68c3-08af-4fc8-8f41-24b87f514d18image.png','37.5013596','127.0396692','14층','https://d2ab9z4xn2ddpo.cloudfront.net/rooms/24/rewards/18708147-fa5f-454b-99f1-cf57908f156bjpeg','https://ssafytada.s3.ap-northeast-2.amazonaws.com/rooms/24/rewards/18708147-fa5f-454b-99f1-cf57908f156bjpeg','헤헤',_binary '\0',NULL,'2023-05-15 10:46:38','2023-05-15 10:46:38'),(71,25,'https://d2ab9z4xn2ddpo.cloudfront.net/rooms/25/treasures/5af39498-1526-4713-81f9-9017ebdcb32eimage.png','https://ssafytada.s3.ap-northeast-2.amazonaws.com/rooms/25/treasures/5af39498-1526-4713-81f9-9017ebdcb32eimage.png','37.5128064','127.0284288','다은이의 휴대폰 뒷면 하트를 잘 찍어보세요','','','보상은 팀원들의 사랑입니다.',_binary '\0',NULL,'2023-05-15 14:10:12','2023-05-15 14:10:12'),(72,26,'https://d2ab9z4xn2ddpo.cloudfront.net/rooms/26/treasures/27afea17-22eb-4ab6-8865-2954455fe51eimage.png','https://ssafytada.s3.ap-northeast-2.amazonaws.com/rooms/26/treasures/27afea17-22eb-4ab6-8865-2954455fe51eimage.png','37.5128064','127.0284288','정다은의 휴대폰 뒷면 하트를 찍어보세요!','','','보상은 엿입니다. 김민경씨 맛있께 드세요',_binary '\0',NULL,'2023-05-15 14:40:50','2023-05-15 14:40:50'),(73,28,'https://d2ab9z4xn2ddpo.cloudfront.net/rooms/28/treasures/1994c593-db78-4fa6-b08a-3f0726428d1cimage.png','https://ssafytada.s3.ap-northeast-2.amazonaws.com/rooms/28/treasures/1994c593-db78-4fa6-b08a-3f0726428d1cimage.png','37.5128064','127.0284288','ㅅㅅ','','','ㅅㅅ',_binary '\0',NULL,'2023-05-15 15:42:02','2023-05-15 15:42:02'),(74,29,'https://d2ab9z4xn2ddpo.cloudfront.net/rooms/29/treasures/cbeec406-8fdb-447e-8c0a-663fbbc138fdimage.png','https://ssafytada.s3.ap-northeast-2.amazonaws.com/rooms/29/treasures/cbeec406-8fdb-447e-8c0a-663fbbc138fdimage.png','37.50178803646538','127.0396970447165','정다은의 핸드폰 뒤 하트를 잘 찍어보시오','','','보상은 팀원들의 믿음',_binary '\0',NULL,'2023-05-15 16:05:10','2023-05-15 16:05:10'),(75,29,'https://d2ab9z4xn2ddpo.cloudfront.net/rooms/29/treasures/780abdbb-f95b-42f5-9421-b331806d324bimage.png','https://ssafytada.s3.ap-northeast-2.amazonaws.com/rooms/29/treasures/780abdbb-f95b-42f5-9421-b331806d324bimage.png','37.50178803646538','127.0396970447165','정다은의 핸드폰 뒤 하트를 잘 찍어보시오','','','보상은 팀원들의 믿음',_binary '\0',NULL,'2023-05-15 16:05:10','2023-05-15 16:05:10'),(76,30,'https://d2ab9z4xn2ddpo.cloudfront.net/rooms/30/treasures/fcaa8904-a3d9-4382-96c0-9de59b9d8b47image.png','https://ssafytada.s3.ap-northeast-2.amazonaws.com/rooms/30/treasures/fcaa8904-a3d9-4382-96c0-9de59b9d8b47image.png','37.5128064','127.0284288','131','','','135153',_binary '\0',NULL,'2023-05-15 16:27:47','2023-05-15 16:27:47'),(77,31,'https://d2ab9z4xn2ddpo.cloudfront.net/rooms/31/treasures/e23dedaf-e1fc-4023-8f58-4887aa5b1209image.png','https://ssafytada.s3.ap-northeast-2.amazonaws.com/rooms/31/treasures/e23dedaf-e1fc-4023-8f58-4887aa5b1209image.png','37.5128064','127.0284288','싫어','','','김민경 ㅗㅗ',_binary '\0',NULL,'2023-05-15 16:42:08','2023-05-15 16:42:08'),(78,32,'https://d2ab9z4xn2ddpo.cloudfront.net/rooms/32/treasures/943d317f-b531-476a-b19c-0e033ffc29b5image.png','https://ssafytada.s3.ap-northeast-2.amazonaws.com/rooms/32/treasures/943d317f-b531-476a-b19c-0e033ffc29b5image.png','37.5128064','127.0284288','테ㅐ스트','','','테슽ㅅ',_binary '\0',NULL,'2023-05-15 17:29:35','2023-05-15 17:29:35'),(79,33,'https://d2ab9z4xn2ddpo.cloudfront.net/rooms/33/treasures/c887c2ed-cce0-415d-b0e7-1807785e3f4aimage.png','https://ssafytada.s3.ap-northeast-2.amazonaws.com/rooms/33/treasures/c887c2ed-cce0-415d-b0e7-1807785e3f4aimage.png','37.5128064','127.0284288','정다은 핸드폰 뒷면 하트','','','하이',_binary '','33_7601885','2023-05-15 17:47:43','2023-05-15 17:50:16'),(80,21,'https://d2ab9z4xn2ddpo.cloudfront.net/rooms/21/treasures/674b146b-e422-4c69-b73a-f1b86463db03image.png','https://ssafytada.s3.ap-northeast-2.amazonaws.com/rooms/21/treasures/674b146b-e422-4c69-b73a-f1b86463db03image.png','37.5015664','127.0439073','내ㅜ브이','','','ㅋㅋ',_binary '\0',NULL,'2023-05-16 12:52:48','2023-05-16 12:52:48'),(81,21,'https://d2ab9z4xn2ddpo.cloudfront.net/rooms/21/treasures/036e64da-6268-4acf-ae41-ea968609e262image.png','https://ssafytada.s3.ap-northeast-2.amazonaws.com/rooms/21/treasures/036e64da-6268-4acf-ae41-ea968609e262image.png','37.5015664','127.0439073','하하','','','ㅋ',_binary '','21_7713318','2023-05-16 12:53:36','2023-05-16 12:55:23'),(82,34,'https://d2ab9z4xn2ddpo.cloudfront.net/rooms/34/treasures/e78e7b1a-dceb-4a58-b945-e49555c6cd1fimage.png','https://ssafytada.s3.ap-northeast-2.amazonaws.com/rooms/34/treasures/e78e7b1a-dceb-4a58-b945-e49555c6cd1fimage.png','37.5013373','127.0397062','gg','','','gg',_binary '\0',NULL,'2023-05-16 14:01:40','2023-05-16 14:01:40'),(83,35,'https://d2ab9z4xn2ddpo.cloudfront.net/rooms/35/treasures/b6d437ee-1d9b-4585-a0d3-95c0b9a38febimage.png','https://ssafytada.s3.ap-northeast-2.amazonaws.com/rooms/35/treasures/b6d437ee-1d9b-4585-a0d3-95c0b9a38febimage.png','37.5013373','127.0397062','t','','','t',_binary '\0',NULL,'2023-05-16 14:06:01','2023-05-16 14:06:01'),(84,36,'https://d2ab9z4xn2ddpo.cloudfront.net/rooms/36/treasures/e29749c5-da35-4f9c-ab49-0611c911887cimage.png','https://ssafytada.s3.ap-northeast-2.amazonaws.com/rooms/36/treasures/e29749c5-da35-4f9c-ab49-0611c911887cimage.png','37.5128064','127.0284288','T','','','T',_binary '\0',NULL,'2023-05-16 14:23:21','2023-05-16 14:23:21'),(86,37,'https://d2ab9z4xn2ddpo.cloudfront.net/rooms/37/treasures/a94b1ba6-1ef9-40e0-bf88-329c70f0e99aimage.png','https://ssafytada.s3.ap-northeast-2.amazonaws.com/rooms/37/treasures/a94b1ba6-1ef9-40e0-bf88-329c70f0e99aimage.png','37.501486723571325','127.0399035815223','하잉','','','백억',_binary '\0',NULL,'2023-05-16 16:49:01','2023-05-16 16:49:01'),(88,40,'https://d2ab9z4xn2ddpo.cloudfront.net/rooms/40/treasures/7868c693-30e2-4abe-993e-e12dbe855601image.png','https://ssafytada.s3.ap-northeast-2.amazonaws.com/rooms/40/treasures/7868c693-30e2-4abe-993e-e12dbe855601image.png','37.5128064','127.0284288','다은이의 폰 뒷면 하트를 잘 찍어보세요.','https://d2ab9z4xn2ddpo.cloudfront.net/rooms/40/rewards/d2515bd6-1d0a-404c-a292-9784d3bf6050jpeg','https://ssafytada.s3.ap-northeast-2.amazonaws.com/rooms/40/rewards/d2515bd6-1d0a-404c-a292-9784d3bf6050jpeg','축하드립니다. 우수상입니다.',_binary '\0',NULL,'2023-05-17 13:24:38','2023-05-17 13:24:38'),(89,40,'https://d2ab9z4xn2ddpo.cloudfront.net/rooms/40/treasures/01509c50-bc34-4c83-849e-9f10478f6ebbimage.png','https://ssafytada.s3.ap-northeast-2.amazonaws.com/rooms/40/treasures/01509c50-bc34-4c83-849e-9f10478f6ebbimage.png','37.50131673680006','127.03957640714732','정다은 핸드폰 뒷면 하트를 잘 찍어보시오.','','','상은 우수상입니다.',_binary '\0',NULL,'2023-05-17 13:26:08','2023-05-17 13:26:08'),(95,44,'https://d2ab9z4xn2ddpo.cloudfront.net/rooms/44/treasures/c1f1692b-1ec5-4050-8db4-b4f35be01c84image.png','https://ssafytada.s3.ap-northeast-2.amazonaws.com/rooms/44/treasures/c1f1692b-1ec5-4050-8db4-b4f35be01c84image.png','37.512771782702295','127.02816411310462','힌트입니다.','https://d2ab9z4xn2ddpo.cloudfront.net/rooms/44/rewards/0f2ae3c2-d7ea-4d4a-808e-80aee07635cajpeg','https://ssafytada.s3.ap-northeast-2.amazonaws.com/rooms/44/rewards/0f2ae3c2-d7ea-4d4a-808e-80aee07635cajpeg','보상 설명입니다.',_binary '\0',NULL,'2023-05-17 14:06:11','2023-05-17 14:06:11'),(100,22,'https://d2ab9z4xn2ddpo.cloudfront.net/rooms/22/treasures/6041f1d2-d67a-40fa-ada0-08804bf7eacbimage.png','https://ssafytada.s3.ap-northeast-2.amazonaws.com/rooms/22/treasures/6041f1d2-d67a-40fa-ada0-08804bf7eacbimage.png','37.5013732','127.0396361','레드','','','기프티콘',_binary '\0',NULL,'2023-05-17 14:29:42','2023-05-17 14:29:42'),(101,47,'https://d2ab9z4xn2ddpo.cloudfront.net/rooms/47/treasures/bb1f1fd8-f56e-4d2b-a1e7-bcf5010a973aimage.png','https://ssafytada.s3.ap-northeast-2.amazonaws.com/rooms/47/treasures/bb1f1fd8-f56e-4d2b-a1e7-bcf5010a973aimage.png','37.5013732','127.0396361','호랑이','','','깊티',_binary '','47_7601885','2023-05-17 14:34:23','2023-05-17 14:35:52'),(102,48,'https://d2ab9z4xn2ddpo.cloudfront.net/rooms/48/treasures/b57c1685-134f-4256-bf62-924bab1fc661image.png','https://ssafytada.s3.ap-northeast-2.amazonaws.com/rooms/48/treasures/b57c1685-134f-4256-bf62-924bab1fc661image.png','37.5013633','127.0396316','호랑이','','','깊티',_binary '','48_7601885','2023-05-17 14:41:43','2023-05-17 14:51:07'),(104,49,'https://d2ab9z4xn2ddpo.cloudfront.net/rooms/49/treasures/35a37078-9e48-4a1c-abd6-656fa051beedimage.png','https://ssafytada.s3.ap-northeast-2.amazonaws.com/rooms/49/treasures/35a37078-9e48-4a1c-abd6-656fa051beedimage.png','37.5128064','127.0284288','gd','','','보상',_binary '','49_6289050','2023-05-17 14:55:34','2023-05-17 14:58:26'),(107,51,'https://d2ab9z4xn2ddpo.cloudfront.net/rooms/51/treasures/9365d514-639e-4a58-8d25-54f87d40f9b6image.png','https://ssafytada.s3.ap-northeast-2.amazonaws.com/rooms/51/treasures/9365d514-639e-4a58-8d25-54f87d40f9b6image.png','37.501334748386654','127.03960186227016','ㅎ','','','ㅎ',_binary '\0',NULL,'2023-05-17 15:00:15','2023-05-17 15:00:15'),(121,58,'https://d2ab9z4xn2ddpo.cloudfront.net/rooms/58/treasures/d3737a57-0ff2-4b5c-b9df-f46c34b946f9image.png','https://ssafytada.s3.ap-northeast-2.amazonaws.com/rooms/58/treasures/d3737a57-0ff2-4b5c-b9df-f46c34b946f9image.png','37.5128064','127.0284288','t','https://d2ab9z4xn2ddpo.cloudfront.net/rooms/58/rewards/2ba5ed03-1ba4-434f-bf25-7677c0899267jpeg','https://ssafytada.s3.ap-northeast-2.amazonaws.com/rooms/58/rewards/2ba5ed03-1ba4-434f-bf25-7677c0899267jpeg','tq',_binary '\0',NULL,'2023-05-17 16:36:10','2023-05-17 16:36:10'),(122,58,'https://d2ab9z4xn2ddpo.cloudfront.net/rooms/58/treasures/448c6021-e691-4990-b1c6-ad282c0b46c9image.png','https://ssafytada.s3.ap-northeast-2.amazonaws.com/rooms/58/treasures/448c6021-e691-4990-b1c6-ad282c0b46c9image.png','37.5128064','127.0284288','t','https://d2ab9z4xn2ddpo.cloudfront.net/rooms/58/rewards/02d8685a-6c2e-4315-99ab-bb75a8d4d16bjpeg','https://ssafytada.s3.ap-northeast-2.amazonaws.com/rooms/58/rewards/02d8685a-6c2e-4315-99ab-bb75a8d4d16bjpeg','tq',_binary '\0',NULL,'2023-05-17 16:36:11','2023-05-17 16:36:11'),(124,60,'https://d2ab9z4xn2ddpo.cloudfront.net/rooms/60/treasures/da9a72b9-4b19-4bdf-9f85-2ec8257a6907image.png','https://ssafytada.s3.ap-northeast-2.amazonaws.com/rooms/60/treasures/da9a72b9-4b19-4bdf-9f85-2ec8257a6907image.png','37.5013552','127.0396394','호랑이','','','칙힌',_binary '\0',NULL,'2023-05-17 16:43:58','2023-05-17 16:43:58'),(127,61,'https://d2ab9z4xn2ddpo.cloudfront.net/rooms/61/treasures/8ca589da-20bf-451a-bacb-6de4398a908dimage.png','https://ssafytada.s3.ap-northeast-2.amazonaws.com/rooms/61/treasures/8ca589da-20bf-451a-bacb-6de4398a908dimage.png','37.5013638','127.0396554','하이','','','ㅎㅇ',_binary '\0',NULL,'2023-05-17 16:52:36','2023-05-17 16:52:36'),(128,62,'https://d2ab9z4xn2ddpo.cloudfront.net/rooms/62/treasures/96be35de-015d-46b8-8719-125cfa52eb36image.png','https://ssafytada.s3.ap-northeast-2.amazonaws.com/rooms/62/treasures/96be35de-015d-46b8-8719-125cfa52eb36image.png','37.50113217381851','127.03914656271039','담배는 해로워!','https://d2ab9z4xn2ddpo.cloudfront.net/rooms/62/rewards/f0e1854b-c1db-4f06-9662-2c0df794067bimage.png','https://ssafytada.s3.ap-northeast-2.amazonaws.com/rooms/62/rewards/f0e1854b-c1db-4f06-9662-2c0df794067bimage.png','교촌치킨 교환권',_binary '\0',NULL,'2023-05-17 17:09:00','2023-05-17 17:09:00'),(129,62,'https://d2ab9z4xn2ddpo.cloudfront.net/rooms/62/treasures/9431aeaa-c56b-4171-81cf-26452019c087image.png','https://ssafytada.s3.ap-northeast-2.amazonaws.com/rooms/62/treasures/9431aeaa-c56b-4171-81cf-26452019c087image.png','37.50187093837823','127.0393278963043','o향기만 남기고 갔단다~','https://d2ab9z4xn2ddpo.cloudfront.net/rooms/62/rewards/ae67c7c2-73d8-4bf4-833e-e5c0831d0ef8image.png','https://ssafytada.s3.ap-northeast-2.amazonaws.com/rooms/62/rewards/ae67c7c2-73d8-4bf4-833e-e5c0831d0ef8image.png','치즈케이크 교환권',_binary '','62_243633697','2023-05-17 17:09:43','2023-05-17 17:18:38'),(130,62,'https://d2ab9z4xn2ddpo.cloudfront.net/rooms/62/treasures/6fa34f42-fe6f-4b2b-bc42-c35fe9b080afimage.png','https://ssafytada.s3.ap-northeast-2.amazonaws.com/rooms/62/treasures/6fa34f42-fe6f-4b2b-bc42-c35fe9b080afimage.png','37.50104634383908','127.03984768329417','초록색을 찾으시오.','https://d2ab9z4xn2ddpo.cloudfront.net/rooms/62/rewards/59857d5d-fc0f-42de-bcaf-86b9056056e7image.png','https://ssafytada.s3.ap-northeast-2.amazonaws.com/rooms/62/rewards/59857d5d-fc0f-42de-bcaf-86b9056056e7image.png','노랑통닭 교환권',_binary '','62_243633697','2023-05-17 17:10:33','2023-05-17 17:19:02'),(131,63,'https://d2ab9z4xn2ddpo.cloudfront.net/rooms/63/treasures/c24b8331-a01e-4814-920c-db21fcb02536image.png','https://ssafytada.s3.ap-northeast-2.amazonaws.com/rooms/63/treasures/c24b8331-a01e-4814-920c-db21fcb02536image.png','37.50063307121163','127.03713775624244','D','','','Dd',_binary '\0',NULL,'2023-05-18 08:49:59','2023-05-18 08:49:59'),(132,64,'https://d2ab9z4xn2ddpo.cloudfront.net/rooms/64/treasures/f7263aa7-4af3-4dc0-b384-2a6609f19648image.png','https://ssafytada.s3.ap-northeast-2.amazonaws.com/rooms/64/treasures/f7263aa7-4af3-4dc0-b384-2a6609f19648image.png','37.50138868589812','127.03996661151771','ㅎ','https://d2ab9z4xn2ddpo.cloudfront.net/rooms/64/rewards/36f61420-60f4-456e-9c63-e66e5eeebe18jpeg','https://ssafytada.s3.ap-northeast-2.amazonaws.com/rooms/64/rewards/36f61420-60f4-456e-9c63-e66e5eeebe18jpeg','',_binary '\0',NULL,'2023-05-18 09:18:06','2023-05-18 09:18:06'),(133,64,'https://d2ab9z4xn2ddpo.cloudfront.net/rooms/64/treasures/ff8ca2f8-3642-4a7d-9da2-91f0b8099937image.png','https://ssafytada.s3.ap-northeast-2.amazonaws.com/rooms/64/treasures/ff8ca2f8-3642-4a7d-9da2-91f0b8099937image.png','37.50138868589812','127.03996661151771','ㅎ','https://d2ab9z4xn2ddpo.cloudfront.net/rooms/64/rewards/8f13d0c9-9cb7-4fbb-943e-d7cec88d3875jpeg','https://ssafytada.s3.ap-northeast-2.amazonaws.com/rooms/64/rewards/8f13d0c9-9cb7-4fbb-943e-d7cec88d3875jpeg','',_binary '\0',NULL,'2023-05-18 09:18:08','2023-05-18 09:18:08'),(134,65,'https://d2ab9z4xn2ddpo.cloudfront.net/rooms/65/treasures/d1ccd0c9-0b4d-4c96-a7df-9fe539f79293image.png','https://ssafytada.s3.ap-northeast-2.amazonaws.com/rooms/65/treasures/d1ccd0c9-0b4d-4c96-a7df-9fe539f79293image.png','37.501460808375555','127.03984224896091','ㅎ','https://d2ab9z4xn2ddpo.cloudfront.net/rooms/65/rewards/881907d7-65ff-48c0-9900-c49b900eedcdjpeg','https://ssafytada.s3.ap-northeast-2.amazonaws.com/rooms/65/rewards/881907d7-65ff-48c0-9900-c49b900eedcdjpeg','',_binary '\0',NULL,'2023-05-18 09:24:16','2023-05-18 09:24:16'),(135,65,'https://d2ab9z4xn2ddpo.cloudfront.net/rooms/65/treasures/3bb20188-8388-4bb7-babf-a38b87c0fcd6image.png','https://ssafytada.s3.ap-northeast-2.amazonaws.com/rooms/65/treasures/3bb20188-8388-4bb7-babf-a38b87c0fcd6image.png','37.501460808375555','127.03984224896091','ㅎ','https://d2ab9z4xn2ddpo.cloudfront.net/rooms/65/rewards/209a6066-5749-4669-915a-0f4fe4defeaajpeg','https://ssafytada.s3.ap-northeast-2.amazonaws.com/rooms/65/rewards/209a6066-5749-4669-915a-0f4fe4defeaajpeg','',_binary '\0',NULL,'2023-05-18 09:24:16','2023-05-18 09:24:16'),(136,65,'https://d2ab9z4xn2ddpo.cloudfront.net/rooms/65/treasures/de02d493-f924-4deb-8f71-37f1bde32a16image.png','https://ssafytada.s3.ap-northeast-2.amazonaws.com/rooms/65/treasures/de02d493-f924-4deb-8f71-37f1bde32a16image.png','37.501460808375555','127.03984224896091','ㅎ','https://d2ab9z4xn2ddpo.cloudfront.net/rooms/65/rewards/c9833099-01c5-4cc4-9783-ef7f91cfc6d7jpeg','https://ssafytada.s3.ap-northeast-2.amazonaws.com/rooms/65/rewards/c9833099-01c5-4cc4-9783-ef7f91cfc6d7jpeg','',_binary '\0',NULL,'2023-05-18 09:24:18','2023-05-18 09:24:18'),(137,66,'https://d2ab9z4xn2ddpo.cloudfront.net/rooms/66/treasures/0f426c32-042b-4db2-91cc-bfc3106950e5image.png','https://ssafytada.s3.ap-northeast-2.amazonaws.com/rooms/66/treasures/0f426c32-042b-4db2-91cc-bfc3106950e5image.png','37.50190183957398','127.04118828384888','ㅓ','https://d2ab9z4xn2ddpo.cloudfront.net/rooms/66/rewards/d2c66121-daf4-47f6-ab0f-92e1a29df343jpeg','https://ssafytada.s3.ap-northeast-2.amazonaws.com/rooms/66/rewards/d2c66121-daf4-47f6-ab0f-92e1a29df343jpeg','',_binary '\0',NULL,'2023-05-18 09:27:16','2023-05-18 09:27:16'),(138,58,'https://d2ab9z4xn2ddpo.cloudfront.net/rooms/58/treasures/7eb28991-d008-4bf0-a9d7-3a201757ac95image.png','https://ssafytada.s3.ap-northeast-2.amazonaws.com/rooms/58/treasures/7eb28991-d008-4bf0-a9d7-3a201757ac95image.png','37.5013715','127.039637','.................................ㅇ','https://d2ab9z4xn2ddpo.cloudfront.net/rooms/58/rewards/d6294dad-1891-464f-a158-26b84cc35f20jpeg','https://ssafytada.s3.ap-northeast-2.amazonaws.com/rooms/58/rewards/d6294dad-1891-464f-a158-26b84cc35f20jpeg','./',_binary '\0',NULL,'2023-05-18 10:01:08','2023-05-18 10:01:08'),(139,58,'https://d2ab9z4xn2ddpo.cloudfront.net/rooms/58/treasures/d1d79b33-5723-449e-9731-120a7cffd191image.png','https://ssafytada.s3.ap-northeast-2.amazonaws.com/rooms/58/treasures/d1d79b33-5723-449e-9731-120a7cffd191image.png','37.5013715','127.039637','.................................ㅇ','https://d2ab9z4xn2ddpo.cloudfront.net/rooms/58/rewards/071ef195-e967-4d07-bd9d-07a1e43314d9jpeg','https://ssafytada.s3.ap-northeast-2.amazonaws.com/rooms/58/rewards/071ef195-e967-4d07-bd9d-07a1e43314d9jpeg','./',_binary '','58_7601885','2023-05-18 10:01:08','2023-05-18 10:09:28'),(140,67,'https://d2ab9z4xn2ddpo.cloudfront.net/rooms/67/treasures/5353a0b4-87c2-4363-ae0a-919548c01138image.png','https://ssafytada.s3.ap-northeast-2.amazonaws.com/rooms/67/treasures/5353a0b4-87c2-4363-ae0a-919548c01138image.png','37.501199730497014','127.0392031436919','담배는 해로워!','https://d2ab9z4xn2ddpo.cloudfront.net/rooms/67/rewards/2bef4ceb-fd4c-45f7-8e99-6049d74d53b6image.png','https://ssafytada.s3.ap-northeast-2.amazonaws.com/rooms/67/rewards/2bef4ceb-fd4c-45f7-8e99-6049d74d53b6image.png','교촌치킨 교환권',_binary '\0',NULL,'2023-05-18 10:17:30','2023-05-18 10:17:30'),(141,67,'https://d2ab9z4xn2ddpo.cloudfront.net/rooms/67/treasures/362f0da6-bb52-4eed-b5a2-d5d981bc36c4image.png','https://ssafytada.s3.ap-northeast-2.amazonaws.com/rooms/67/treasures/362f0da6-bb52-4eed-b5a2-d5d981bc36c4image.png','37.50193849307565','127.03939013263309','O향기만 남기고 갔단다~','https://d2ab9z4xn2ddpo.cloudfront.net/rooms/67/rewards/6b5fae8d-9596-4f9c-bdfe-c81e51af36a9image.png','https://ssafytada.s3.ap-northeast-2.amazonaws.com/rooms/67/rewards/6b5fae8d-9596-4f9c-bdfe-c81e51af36a9image.png','치즈케이크 교환권',_binary '\0',NULL,'2023-05-18 10:18:26','2023-05-18 10:18:26'),(142,67,'https://d2ab9z4xn2ddpo.cloudfront.net/rooms/67/treasures/8bb9ae11-c2b8-4254-a1fb-d99b9e8a4bf1image.png','https://ssafytada.s3.ap-northeast-2.amazonaws.com/rooms/67/treasures/8bb9ae11-c2b8-4254-a1fb-d99b9e8a4bf1image.png','37.501064327665034','127.03995512950962','초록색을 찾으시오.','https://d2ab9z4xn2ddpo.cloudfront.net/rooms/67/rewards/f4798bb5-e7bd-4f05-a6d6-122aee5d8e88image.png','https://ssafytada.s3.ap-northeast-2.amazonaws.com/rooms/67/rewards/f4798bb5-e7bd-4f05-a6d6-122aee5d8e88image.png','노랑통닭 교환권',_binary '\0',NULL,'2023-05-18 10:19:20','2023-05-18 10:19:20'),(143,68,'https://d2ab9z4xn2ddpo.cloudfront.net/rooms/68/treasures/4f09c641-b7f2-4370-a5ae-a9208ab28b3fimage.png','https://ssafytada.s3.ap-northeast-2.amazonaws.com/rooms/68/treasures/4f09c641-b7f2-4370-a5ae-a9208ab28b3fimage.png','37.50112318061446','127.03909566692649','담배는 해로워!','https://d2ab9z4xn2ddpo.cloudfront.net/rooms/68/rewards/5cdee891-de6e-4c06-93ed-f35276a445e5image.png','https://ssafytada.s3.ap-northeast-2.amazonaws.com/rooms/68/rewards/5cdee891-de6e-4c06-93ed-f35276a445e5image.png','교촌치킨 교환권',_binary '','68_250669147','2023-05-18 10:23:10','2023-05-18 10:31:01'),(144,68,'https://d2ab9z4xn2ddpo.cloudfront.net/rooms/68/treasures/75af9148-97cd-4919-a774-f3093c099c1aimage.png','https://ssafytada.s3.ap-northeast-2.amazonaws.com/rooms/68/treasures/75af9148-97cd-4919-a774-f3093c099c1aimage.png','37.50189348045066','127.03927701651614','ㅇ향기만 남기고 갔단다~','https://d2ab9z4xn2ddpo.cloudfront.net/rooms/68/rewards/b0f88de3-eed7-441f-809a-b8d687d2af66image.png','https://ssafytada.s3.ap-northeast-2.amazonaws.com/rooms/68/rewards/b0f88de3-eed7-441f-809a-b8d687d2af66image.png','치즈케이크 교환권',_binary '','68_250669147','2023-05-18 10:24:18','2023-05-18 10:30:20'),(145,68,'https://d2ab9z4xn2ddpo.cloudfront.net/rooms/68/treasures/40dbd153-bcbb-48f6-bb89-20c93af639e9image.png','https://ssafytada.s3.ap-northeast-2.amazonaws.com/rooms/68/treasures/40dbd153-bcbb-48f6-bb89-20c93af639e9image.png','37.50098770770729','127.04005687067583','초록색을 찾으시오','https://d2ab9z4xn2ddpo.cloudfront.net/rooms/68/rewards/49390c07-ff2f-4452-adea-066be6f7badcimage.png','https://ssafytada.s3.ap-northeast-2.amazonaws.com/rooms/68/rewards/49390c07-ff2f-4452-adea-066be6f7badcimage.png','노랑통닭 교환권',_binary '\0',NULL,'2023-05-18 10:25:15','2023-05-18 10:25:15'),(146,69,'https://d2ab9z4xn2ddpo.cloudfront.net/rooms/69/treasures/9e4114cb-3fb7-4dce-ac4c-19d27c916cd8image.png','https://ssafytada.s3.ap-northeast-2.amazonaws.com/rooms/69/treasures/9e4114cb-3fb7-4dce-ac4c-19d27c916cd8image.png','37.50114569265171','127.03913526063398','담배는 해로워!','https://d2ab9z4xn2ddpo.cloudfront.net/rooms/69/rewards/f25fc2ea-f200-4f29-b3ba-297d281a28beimage.png','https://ssafytada.s3.ap-northeast-2.amazonaws.com/rooms/69/rewards/f25fc2ea-f200-4f29-b3ba-297d281a28beimage.png','교촌치킨 교환권',_binary '\0',NULL,'2023-05-18 10:34:48','2023-05-18 10:34:48'),(149,69,'https://d2ab9z4xn2ddpo.cloudfront.net/rooms/69/treasures/8b343ea3-38dc-4801-b47f-43f4597b75f5image.png','https://ssafytada.s3.ap-northeast-2.amazonaws.com/rooms/69/treasures/8b343ea3-38dc-4801-b47f-43f4597b75f5image.png','37.501920442760515','127.03948059715925','ㅇ향기만 남기고 갔단다','https://d2ab9z4xn2ddpo.cloudfront.net/rooms/69/rewards/8c5f700f-852b-40df-a41f-ec9923783284image.png','https://ssafytada.s3.ap-northeast-2.amazonaws.com/rooms/69/rewards/8c5f700f-852b-40df-a41f-ec9923783284image.png','치즈케이크 교환권',_binary '\0',NULL,'2023-05-18 10:37:54','2023-05-18 10:37:54'),(150,69,'https://d2ab9z4xn2ddpo.cloudfront.net/rooms/69/treasures/4caaa0d2-6ebc-42e8-a079-a72239d1a4bfimage.png','https://ssafytada.s3.ap-northeast-2.amazonaws.com/rooms/69/treasures/4caaa0d2-6ebc-42e8-a079-a72239d1a4bfimage.png','37.50099220506436','127.04007949130047','초록색을 찾으시오','https://d2ab9z4xn2ddpo.cloudfront.net/rooms/69/rewards/52c3c6f3-2025-4b2b-9854-6ce5b5d84f02image.png','https://ssafytada.s3.ap-northeast-2.amazonaws.com/rooms/69/rewards/52c3c6f3-2025-4b2b-9854-6ce5b5d84f02image.png','노랑통닭 교환권',_binary '\0',NULL,'2023-05-18 10:38:39','2023-05-18 10:38:39'),(151,70,'https://d2ab9z4xn2ddpo.cloudfront.net/rooms/70/treasures/68040249-7eb8-4e22-85e9-f04ee95c9625image.png','https://ssafytada.s3.ap-northeast-2.amazonaws.com/rooms/70/treasures/68040249-7eb8-4e22-85e9-f04ee95c9625image.png','37.50113214192452','127.03924269031742','담배는 해로워!','https://d2ab9z4xn2ddpo.cloudfront.net/rooms/70/rewards/d68a2aa4-04e4-46f9-bad7-674cff48d448image.png','https://ssafytada.s3.ap-northeast-2.amazonaws.com/rooms/70/rewards/d68a2aa4-04e4-46f9-bad7-674cff48d448image.png','교촌치킨 교환권',_binary '','70_250669147','2023-05-18 10:49:40','2023-05-18 11:01:45'),(152,70,'https://d2ab9z4xn2ddpo.cloudfront.net/rooms/70/treasures/384f1901-bfb2-4efe-918f-e3f4420d86d7image.png','https://ssafytada.s3.ap-northeast-2.amazonaws.com/rooms/70/treasures/384f1901-bfb2-4efe-918f-e3f4420d86d7image.png','37.50192946037388','127.03945798340254','ㅇ향기만 남기고 갔단다~','https://d2ab9z4xn2ddpo.cloudfront.net/rooms/70/rewards/bb76e6a8-9731-4ce1-96d3-468cac4d3551image.png','https://ssafytada.s3.ap-northeast-2.amazonaws.com/rooms/70/rewards/bb76e6a8-9731-4ce1-96d3-468cac4d3551image.png','치즈케이크 교환권',_binary '','70_250669147','2023-05-18 10:50:30','2023-05-18 10:56:06'),(153,70,'https://d2ab9z4xn2ddpo.cloudfront.net/rooms/70/treasures/62b3e8ca-2e69-4981-b00f-682c6e107278image.png','https://ssafytada.s3.ap-northeast-2.amazonaws.com/rooms/70/treasures/62b3e8ca-2e69-4981-b00f-682c6e107278image.png','37.50103275607731','127.04006254929973','초록색을 찾으시오.','https://d2ab9z4xn2ddpo.cloudfront.net/rooms/70/rewards/6ebe9a74-5074-4210-9f18-b074e61f6a4eimage.png','https://ssafytada.s3.ap-northeast-2.amazonaws.com/rooms/70/rewards/6ebe9a74-5074-4210-9f18-b074e61f6a4eimage.png','노랑통닭 교환권',_binary '','70_250659925','2023-05-18 10:51:43','2023-05-18 10:58:59'),(154,71,'https://d2ab9z4xn2ddpo.cloudfront.net/rooms/71/treasures/fea1d2ee-1407-4375-86f4-17d02ba4b139image.png','https://ssafytada.s3.ap-northeast-2.amazonaws.com/rooms/71/treasures/fea1d2ee-1407-4375-86f4-17d02ba4b139image.png','37.5128064','127.0284288','호랑이 어흥','https://d2ab9z4xn2ddpo.cloudfront.net/rooms/71/rewards/7cc513a9-5e05-4af8-8d29-377610bb55f5image.png','https://ssafytada.s3.ap-northeast-2.amazonaws.com/rooms/71/rewards/7cc513a9-5e05-4af8-8d29-377610bb55f5image.png','치킨',_binary '','71_1102278474','2023-05-18 11:03:29','2023-05-18 11:04:59'),(155,71,'https://d2ab9z4xn2ddpo.cloudfront.net/rooms/71/treasures/dd323b6b-18af-4466-aef3-0d0e7d102b47image.png','https://ssafytada.s3.ap-northeast-2.amazonaws.com/rooms/71/treasures/dd323b6b-18af-4466-aef3-0d0e7d102b47image.png','37.50131221850409','127.03961598682024','호랑이 어흥','https://d2ab9z4xn2ddpo.cloudfront.net/rooms/71/rewards/67a5cf78-fa88-4bcb-b11a-af77368b93f8image.png','https://ssafytada.s3.ap-northeast-2.amazonaws.com/rooms/71/rewards/67a5cf78-fa88-4bcb-b11a-af77368b93f8image.png','태스트',_binary '\0',NULL,'2023-05-18 11:04:03','2023-05-18 11:04:03'),(159,72,'https://d2ab9z4xn2ddpo.cloudfront.net/rooms/72/treasures/e680bda4-846a-48d9-a1ae-e433664b7aa4image.png','https://ssafytada.s3.ap-northeast-2.amazonaws.com/rooms/72/treasures/e680bda4-846a-48d9-a1ae-e433664b7aa4image.png','37.50113667134979','127.0391691833242','담배는 해로워!','https://d2ab9z4xn2ddpo.cloudfront.net/rooms/72/rewards/03d1d245-a44b-4bc3-8481-52321fd13808image.png','https://ssafytada.s3.ap-northeast-2.amazonaws.com/rooms/72/rewards/03d1d245-a44b-4bc3-8481-52321fd13808image.png','',_binary '','72_250669147','2023-05-18 11:15:33','2023-05-18 11:23:59'),(160,72,'https://d2ab9z4xn2ddpo.cloudfront.net/rooms/72/treasures/985bb66d-7714-4bab-8aac-4b91810aed0cimage.png','https://ssafytada.s3.ap-northeast-2.amazonaws.com/rooms/72/treasures/985bb66d-7714-4bab-8aac-4b91810aed0cimage.png','37.50191143648347','127.03946928316735','ㅇ향기만 남기고 갔단다~','https://d2ab9z4xn2ddpo.cloudfront.net/rooms/72/rewards/83d2f847-2cd6-4ed3-a076-a59dfd4eca0eimage.png','https://ssafytada.s3.ap-northeast-2.amazonaws.com/rooms/72/rewards/83d2f847-2cd6-4ed3-a076-a59dfd4eca0eimage.png','',_binary '','72_250669147','2023-05-18 11:16:03','2023-05-18 11:22:31'),(161,72,'https://d2ab9z4xn2ddpo.cloudfront.net/rooms/72/treasures/0a8fa341-89f0-4bf3-a974-2a84843fdc5eimage.png','https://ssafytada.s3.ap-northeast-2.amazonaws.com/rooms/72/treasures/0a8fa341-89f0-4bf3-a974-2a84843fdc5eimage.png','37.500983183491165','127.04011341380743','초록색을 찾으시오.','https://d2ab9z4xn2ddpo.cloudfront.net/rooms/72/rewards/35b1f5b1-6931-4fad-9505-cbd33abf6119image.png','https://ssafytada.s3.ap-northeast-2.amazonaws.com/rooms/72/rewards/35b1f5b1-6931-4fad-9505-cbd33abf6119image.png','',_binary '\0',NULL,'2023-05-18 11:16:39','2023-05-18 11:16:39'),(162,73,'https://d2ab9z4xn2ddpo.cloudfront.net/rooms/73/treasures/892e30c0-2369-46ee-8ee6-b205ce3d987aimage.png','https://ssafytada.s3.ap-northeast-2.amazonaws.com/rooms/73/treasures/892e30c0-2369-46ee-8ee6-b205ce3d987aimage.png','37.51314990117503','127.02940845920635','호랑이','https://d2ab9z4xn2ddpo.cloudfront.net/rooms/73/rewards/5fef3f90-6789-49fd-a2ff-029fa3ecbc97image.png','https://ssafytada.s3.ap-northeast-2.amazonaws.com/rooms/73/rewards/5fef3f90-6789-49fd-a2ff-029fa3ecbc97image.png','뿌링클 콤보 + 콜라입니다',_binary '\0',NULL,'2023-05-18 13:21:59','2023-05-18 13:21:59'),(163,74,'https://d2ab9z4xn2ddpo.cloudfront.net/rooms/74/treasures/645daf0d-399a-4fbd-b8dc-7d747532df22image.png','https://ssafytada.s3.ap-northeast-2.amazonaws.com/rooms/74/treasures/645daf0d-399a-4fbd-b8dc-7d747532df22image.png','37.50128065672957','127.03969513422705','호랑이','https://d2ab9z4xn2ddpo.cloudfront.net/rooms/74/rewards/5edf0f49-eb76-4139-b4c7-2cb4b30d16e1image.png','https://ssafytada.s3.ap-northeast-2.amazonaws.com/rooms/74/rewards/5edf0f49-eb76-4139-b4c7-2cb4b30d16e1image.png','뿌링클 + 콜라입니다!',_binary '','74_7601885','2023-05-18 13:25:40','2023-05-18 13:27:31'),(164,75,'https://d2ab9z4xn2ddpo.cloudfront.net/rooms/75/treasures/3e66fab7-0228-4ff9-aa2b-6133c6ad22b9image.png','https://ssafytada.s3.ap-northeast-2.amazonaws.com/rooms/75/treasures/3e66fab7-0228-4ff9-aa2b-6133c6ad22b9image.png','37.50129869583109','127.0396385979903','호랑이','https://d2ab9z4xn2ddpo.cloudfront.net/rooms/75/rewards/e8e1b384-41cb-400d-9db4-ebb9caa9c44fimage.png','https://ssafytada.s3.ap-northeast-2.amazonaws.com/rooms/75/rewards/e8e1b384-41cb-400d-9db4-ebb9caa9c44fimage.png','뿌링클 콤보 와 콜라입니다',_binary '\0',NULL,'2023-05-18 13:40:52','2023-05-18 13:40:52'),(165,76,'https://d2ab9z4xn2ddpo.cloudfront.net/rooms/76/treasures/de1ab32b-68b0-4aaf-9013-9a71d8046184image.png','https://ssafytada.s3.ap-northeast-2.amazonaws.com/rooms/76/treasures/de1ab32b-68b0-4aaf-9013-9a71d8046184image.png','37.5128064','127.0317056','d','https://d2ab9z4xn2ddpo.cloudfront.net/rooms/76/rewards/cae0238f-7ede-43a5-94de-1905115f91ceimage.png','https://ssafytada.s3.ap-northeast-2.amazonaws.com/rooms/76/rewards/cae0238f-7ede-43a5-94de-1905115f91ceimage.png','',_binary '\0',NULL,'2023-05-18 13:47:07','2023-05-18 13:47:07'),(166,77,'https://d2ab9z4xn2ddpo.cloudfront.net/rooms/77/treasures/0e6c94ae-8810-4cc5-a96b-97a24a33c2c2image.png','https://ssafytada.s3.ap-northeast-2.amazonaws.com/rooms/77/treasures/0e6c94ae-8810-4cc5-a96b-97a24a33c2c2image.png','37.5128064','127.0317056','h','https://d2ab9z4xn2ddpo.cloudfront.net/rooms/77/rewards/ff2392f0-7a67-468c-95e6-3ce0b8275394image.png','https://ssafytada.s3.ap-northeast-2.amazonaws.com/rooms/77/rewards/ff2392f0-7a67-468c-95e6-3ce0b8275394image.png','',_binary '\0',NULL,'2023-05-18 13:57:19','2023-05-18 13:57:19'),(167,79,'https://d2ab9z4xn2ddpo.cloudfront.net/rooms/79/treasures/6aed727b-17cf-466d-a4c1-6db76cd41b8aimage.png','https://ssafytada.s3.ap-northeast-2.amazonaws.com/rooms/79/treasures/6aed727b-17cf-466d-a4c1-6db76cd41b8aimage.png','37.5013726','127.0396546','호랑이','https://d2ab9z4xn2ddpo.cloudfront.net/rooms/79/rewards/3d0b4b48-eee5-4b2c-8cc3-d034df9190bcimage.png','https://ssafytada.s3.ap-northeast-2.amazonaws.com/rooms/79/rewards/3d0b4b48-eee5-4b2c-8cc3-d034df9190bcimage.png','뿌링클 + 콜라',_binary '\0',NULL,'2023-05-18 14:01:37','2023-05-18 14:01:37'),(168,79,'https://d2ab9z4xn2ddpo.cloudfront.net/rooms/79/treasures/207b3335-7702-42d2-9b6f-b0ff9dcdb3eeimage.png','https://ssafytada.s3.ap-northeast-2.amazonaws.com/rooms/79/treasures/207b3335-7702-42d2-9b6f-b0ff9dcdb3eeimage.png','37.5013726','127.0396546','호랑이','','','뿌링클 + 콜라',_binary '','79_7601885','2023-05-18 14:02:36','2023-05-18 14:03:40'),(169,80,'https://d2ab9z4xn2ddpo.cloudfront.net/rooms/80/treasures/eea6af91-7f2f-4a70-95e6-f9241e680880image.png','https://ssafytada.s3.ap-northeast-2.amazonaws.com/rooms/80/treasures/eea6af91-7f2f-4a70-95e6-f9241e680880image.png','37.566535','126.9779692','호랑이','https://d2ab9z4xn2ddpo.cloudfront.net/rooms/80/rewards/eb6e036a-e0c2-4363-bb5d-642b83d022eaimage.png','https://ssafytada.s3.ap-northeast-2.amazonaws.com/rooms/80/rewards/eb6e036a-e0c2-4363-bb5d-642b83d022eaimage.png','뿌링클',_binary '','80_7601885','2023-05-18 14:08:57','2023-05-18 14:10:22'),(170,81,'https://d2ab9z4xn2ddpo.cloudfront.net/rooms/81/treasures/e0607d02-bd8b-4659-a0d6-84b2ec8f2c1fimage.png','https://ssafytada.s3.ap-northeast-2.amazonaws.com/rooms/81/treasures/e0607d02-bd8b-4659-a0d6-84b2ec8f2c1fimage.png','37.5128064','127.0284288','호랑','https://d2ab9z4xn2ddpo.cloudfront.net/rooms/81/rewards/3648e0ed-0cb4-44b4-898a-72b5f7f5c80aimage.png','https://ssafytada.s3.ap-northeast-2.amazonaws.com/rooms/81/rewards/3648e0ed-0cb4-44b4-898a-72b5f7f5c80aimage.png','쀼링',_binary '','81_5863955','2023-05-18 14:42:04','2023-05-18 14:44:01'),(171,82,'https://d2ab9z4xn2ddpo.cloudfront.net/rooms/82/treasures/55651a57-8ad2-45a1-b574-f6316a061391image.png','https://ssafytada.s3.ap-northeast-2.amazonaws.com/rooms/82/treasures/55651a57-8ad2-45a1-b574-f6316a061391image.png','37.5128064','127.0284288','t','https://d2ab9z4xn2ddpo.cloudfront.net/rooms/82/rewards/6b066fdd-512b-49d1-9a10-0476d2f51601image.png','https://ssafytada.s3.ap-northeast-2.amazonaws.com/rooms/82/rewards/6b066fdd-512b-49d1-9a10-0476d2f51601image.png','a',_binary '\0',NULL,'2023-05-18 14:45:52','2023-05-18 14:45:52'),(172,83,'https://d2ab9z4xn2ddpo.cloudfront.net/rooms/83/treasures/e51ce0f2-16b9-418c-ba5b-cf32ae62661eimage.png','https://ssafytada.s3.ap-northeast-2.amazonaws.com/rooms/83/treasures/e51ce0f2-16b9-418c-ba5b-cf32ae62661eimage.png','37.5128064','127.0284288','ㄴ','','','ㅁㅁ',_binary '\0',NULL,'2023-05-18 15:16:46','2023-05-18 15:16:46'),(173,84,'https://d2ab9z4xn2ddpo.cloudfront.net/rooms/84/treasures/295f591f-b33f-4478-a913-d58872ea0d92image.png','https://ssafytada.s3.ap-northeast-2.amazonaws.com/rooms/84/treasures/295f591f-b33f-4478-a913-d58872ea0d92image.png','37.5013743','127.039661','ㅇㅇ','https://d2ab9z4xn2ddpo.cloudfront.net/rooms/84/rewards/cb6b1a27-4233-42a0-9cb0-a248a5c2f0a9image.png','https://ssafytada.s3.ap-northeast-2.amazonaws.com/rooms/84/rewards/cb6b1a27-4233-42a0-9cb0-a248a5c2f0a9image.png','ㅁㅁ',_binary '','84_6288615','2023-05-18 15:20:15','2023-05-18 15:20:55'),(174,85,'https://d2ab9z4xn2ddpo.cloudfront.net/rooms/85/treasures/77a143e4-db41-4bd6-9afc-3b2d0e69cc36image.png','https://ssafytada.s3.ap-northeast-2.amazonaws.com/rooms/85/treasures/77a143e4-db41-4bd6-9afc-3b2d0e69cc36image.png','37.5013743','127.039661','ㅁㅁ','https://d2ab9z4xn2ddpo.cloudfront.net/rooms/85/rewards/c6186a82-509f-4805-ab64-06bd50bf1a05image.png','https://ssafytada.s3.ap-northeast-2.amazonaws.com/rooms/85/rewards/c6186a82-509f-4805-ab64-06bd50bf1a05image.png','ㅁㅁ',_binary '','85_5862119','2023-05-18 15:22:21','2023-05-18 15:23:49'),(175,85,'https://d2ab9z4xn2ddpo.cloudfront.net/rooms/85/treasures/b7483d9f-b96a-4bb9-a350-6d3578013509image.png','https://ssafytada.s3.ap-northeast-2.amazonaws.com/rooms/85/treasures/b7483d9f-b96a-4bb9-a350-6d3578013509image.png','37.50188447415407','127.03926570255273','ㄴ','https://d2ab9z4xn2ddpo.cloudfront.net/rooms/85/rewards/bca2bd09-2ec9-493f-a43b-547fccaa5000image.png','https://ssafytada.s3.ap-northeast-2.amazonaws.com/rooms/85/rewards/bca2bd09-2ec9-493f-a43b-547fccaa5000image.png','ㄴㄴ',_binary '','85_5862119','2023-05-18 15:22:56','2023-05-18 15:24:16'),(176,86,'https://d2ab9z4xn2ddpo.cloudfront.net/rooms/86/treasures/c8790c8f-4c62-4bfa-9ead-803b8a22990fimage.png','https://ssafytada.s3.ap-northeast-2.amazonaws.com/rooms/86/treasures/c8790c8f-4c62-4bfa-9ead-803b8a22990fimage.png','37.5013743','127.039661','AA','https://d2ab9z4xn2ddpo.cloudfront.net/rooms/86/rewards/7b7261a9-4041-468c-9485-09c0ee89a08eimage.png','https://ssafytada.s3.ap-northeast-2.amazonaws.com/rooms/86/rewards/7b7261a9-4041-468c-9485-09c0ee89a08eimage.png','AA',_binary '','86_5862119','2023-05-18 15:25:01','2023-05-18 15:25:46'),(177,87,'https://d2ab9z4xn2ddpo.cloudfront.net/rooms/87/treasures/4b978f16-c687-4ee8-82c1-e7298ebc547fimage.png','https://ssafytada.s3.ap-northeast-2.amazonaws.com/rooms/87/treasures/4b978f16-c687-4ee8-82c1-e7298ebc547fimage.png','37.501091399847176','127.03983074354888','꽃향기만 남기고 갔단다','https://d2ab9z4xn2ddpo.cloudfront.net/rooms/87/rewards/c4e44a5a-4800-45ed-ab3d-3d1cdfea4d55image.png','https://ssafytada.s3.ap-northeast-2.amazonaws.com/rooms/87/rewards/c4e44a5a-4800-45ed-ab3d-3d1cdfea4d55image.png','뿌링클 콤보 + 콜라 ',_binary '\0',NULL,'2023-05-18 15:27:53','2023-05-18 15:27:53'),(178,87,'https://d2ab9z4xn2ddpo.cloudfront.net/rooms/87/treasures/1146fb74-216f-4e70-a69e-9e3cd5eb1167image.png','https://ssafytada.s3.ap-northeast-2.amazonaws.com/rooms/87/treasures/1146fb74-216f-4e70-a69e-9e3cd5eb1167image.png','37.50147862481265','127.04044164520208','담배는 몸에 해롭습니다','https://d2ab9z4xn2ddpo.cloudfront.net/rooms/87/rewards/8ddfa4ca-2f2a-403a-9a80-379fe5567bcdimage.png','https://ssafytada.s3.ap-northeast-2.amazonaws.com/rooms/87/rewards/8ddfa4ca-2f2a-403a-9a80-379fe5567bcdimage.png','치즈 케이크에요',_binary '\0',NULL,'2023-05-18 15:29:27','2023-05-18 15:29:27'),(179,87,'https://d2ab9z4xn2ddpo.cloudfront.net/rooms/87/treasures/c68da8c1-c831-4da1-956b-ae04a2191526image.png','https://ssafytada.s3.ap-northeast-2.amazonaws.com/rooms/87/treasures/c68da8c1-c831-4da1-956b-ae04a2191526image.png','37.50130776646564','127.03945765624664','숲속 마크에요','https://d2ab9z4xn2ddpo.cloudfront.net/rooms/87/rewards/13cc58fa-d0f1-44fd-b31d-49c3948d928aimage.png','https://ssafytada.s3.ap-northeast-2.amazonaws.com/rooms/87/rewards/13cc58fa-d0f1-44fd-b31d-49c3948d928aimage.png','치킨과 떡볶이',_binary '','87_243693777','2023-05-18 15:30:22','2023-05-18 15:39:28'),(180,88,'https://d2ab9z4xn2ddpo.cloudfront.net/rooms/88/treasures/049fae91-29db-44aa-b657-733c79cea87eimage.png','https://ssafytada.s3.ap-northeast-2.amazonaws.com/rooms/88/treasures/049fae91-29db-44aa-b657-733c79cea87eimage.png','37.50110964773798','127.03914937823235','담배는 해로워','https://d2ab9z4xn2ddpo.cloudfront.net/rooms/88/rewards/d5586d47-6f7e-42eb-afc8-3fcc1b6c4739image.png','https://ssafytada.s3.ap-northeast-2.amazonaws.com/rooms/88/rewards/d5586d47-6f7e-42eb-afc8-3fcc1b6c4739image.png','교촌치킨 교환권',_binary '','88_250669147','2023-05-18 15:44:38','2023-05-18 15:51:12'),(181,88,'https://d2ab9z4xn2ddpo.cloudfront.net/rooms/88/treasures/faac9bfa-52f4-4504-bcb2-c732537e3301image.png','https://ssafytada.s3.ap-northeast-2.amazonaws.com/rooms/88/treasures/faac9bfa-52f4-4504-bcb2-c732537e3301image.png','37.501911493040566','127.0392996444511','ㅇ향기만 남기고 갔단다~','https://d2ab9z4xn2ddpo.cloudfront.net/rooms/88/rewards/850f8e57-6936-4390-89a9-63b6bd2357eaimage.png','https://ssafytada.s3.ap-northeast-2.amazonaws.com/rooms/88/rewards/850f8e57-6936-4390-89a9-63b6bd2357eaimage.png','치즈케이크 교환권',_binary '','88_250669147','2023-05-18 15:45:48','2023-05-18 15:51:46'),(182,88,'https://d2ab9z4xn2ddpo.cloudfront.net/rooms/88/treasures/03e330db-62b1-4ac9-a3e6-a3f23f2c2e97image.png','https://ssafytada.s3.ap-northeast-2.amazonaws.com/rooms/88/treasures/03e330db-62b1-4ac9-a3e6-a3f23f2c2e97image.png','37.501001226627814','127.04004556878537','초록색을 찾으시오','https://d2ab9z4xn2ddpo.cloudfront.net/rooms/88/rewards/41ed79a1-bc2a-41d6-819c-fa7617645cd1image.png','https://ssafytada.s3.ap-northeast-2.amazonaws.com/rooms/88/rewards/41ed79a1-bc2a-41d6-819c-fa7617645cd1image.png','노랑통닭 교환권',_binary '\0',NULL,'2023-05-18 15:47:18','2023-05-18 15:47:18'),(183,82,'https://d2ab9z4xn2ddpo.cloudfront.net/rooms/82/treasures/c7f7e2dd-8396-4555-81f3-ee3cb933db32image.png','https://ssafytada.s3.ap-northeast-2.amazonaws.com/rooms/82/treasures/c7f7e2dd-8396-4555-81f3-ee3cb933db32image.png','37.5128064','127.0284288','f','https://d2ab9z4xn2ddpo.cloudfront.net/rooms/82/rewards/3104e18a-1005-497d-b21b-6160edf438e9image.png','https://ssafytada.s3.ap-northeast-2.amazonaws.com/rooms/82/rewards/3104e18a-1005-497d-b21b-6160edf438e9image.png','m',_binary '','82_516774168','2023-05-18 16:01:03','2023-05-18 16:02:32'),(184,82,'https://d2ab9z4xn2ddpo.cloudfront.net/rooms/82/treasures/cbf2b5c5-f872-4941-9a40-bb2b12dd6f1dimage.png','https://ssafytada.s3.ap-northeast-2.amazonaws.com/rooms/82/treasures/cbf2b5c5-f872-4941-9a40-bb2b12dd6f1dimage.png','37.50127617637918','127.03962162235482','ras','https://d2ab9z4xn2ddpo.cloudfront.net/rooms/82/rewards/eba8f833-4e83-4263-bdb7-3d8d799e0fecimage.png','https://ssafytada.s3.ap-northeast-2.amazonaws.com/rooms/82/rewards/eba8f833-4e83-4263-bdb7-3d8d799e0fecimage.png','asdr',_binary '\0',NULL,'2023-05-18 16:01:33','2023-05-18 16:01:33'),(185,89,'https://d2ab9z4xn2ddpo.cloudfront.net/rooms/89/treasures/268740ed-0ae5-423c-bf9f-0d2d9c157ab4image.png','https://ssafytada.s3.ap-northeast-2.amazonaws.com/rooms/89/treasures/268740ed-0ae5-423c-bf9f-0d2d9c157ab4image.png','37.566535','126.9779692','호랑','https://d2ab9z4xn2ddpo.cloudfront.net/rooms/89/rewards/15bf62fb-2705-4b08-9c73-4126a4cdf930image.png','https://ssafytada.s3.ap-northeast-2.amazonaws.com/rooms/89/rewards/15bf62fb-2705-4b08-9c73-4126a4cdf930image.png','뿌링클',_binary '\0',NULL,'2023-05-18 16:17:16','2023-05-18 16:17:16'),(186,89,'https://d2ab9z4xn2ddpo.cloudfront.net/rooms/89/treasures/ceafff95-195b-4f7d-8750-2c93d8e8b5d3image.png','https://ssafytada.s3.ap-northeast-2.amazonaws.com/rooms/89/treasures/ceafff95-195b-4f7d-8750-2c93d8e8b5d3image.png','37.5668420081813','126.97749770968542','이클립스','https://d2ab9z4xn2ddpo.cloudfront.net/rooms/89/rewards/0226041c-a72f-43ce-b21a-433fc871baacimage.png','https://ssafytada.s3.ap-northeast-2.amazonaws.com/rooms/89/rewards/0226041c-a72f-43ce-b21a-433fc871baacimage.png','떡볶이',_binary '\0',NULL,'2023-05-18 16:17:41','2023-05-18 16:17:41'),(187,89,'https://d2ab9z4xn2ddpo.cloudfront.net/rooms/89/treasures/c5a4bcdc-0f05-456c-8d3d-bd126e4ecb1fimage.png','https://ssafytada.s3.ap-northeast-2.amazonaws.com/rooms/89/treasures/c5a4bcdc-0f05-456c-8d3d-bd126e4ecb1fimage.png','37.5667340866821','126.9785617321958','헤드셋','https://d2ab9z4xn2ddpo.cloudfront.net/rooms/89/rewards/c90e9996-6ed9-40b8-a57a-df1920c41fb0image.png','https://ssafytada.s3.ap-northeast-2.amazonaws.com/rooms/89/rewards/c90e9996-6ed9-40b8-a57a-df1920c41fb0image.png','치즈케이크',_binary '\0',NULL,'2023-05-18 16:18:12','2023-05-18 16:18:12'),(188,90,'https://d2ab9z4xn2ddpo.cloudfront.net/rooms/90/treasures/0e1c742f-17d9-4beb-97c7-d4e276de326bimage.png','https://ssafytada.s3.ap-northeast-2.amazonaws.com/rooms/90/treasures/0e1c742f-17d9-4beb-97c7-d4e276de326bimage.png','37.5128064','127.0284288','astsa','https://d2ab9z4xn2ddpo.cloudfront.net/rooms/90/rewards/4e6e6fe5-66d0-4d6c-8d81-985fe0976359image.png','https://ssafytada.s3.ap-northeast-2.amazonaws.com/rooms/90/rewards/4e6e6fe5-66d0-4d6c-8d81-985fe0976359image.png','',_binary '','90_193486573','2023-05-18 17:40:39','2023-05-18 17:41:59'),(189,90,'https://d2ab9z4xn2ddpo.cloudfront.net/rooms/90/treasures/aba82d11-f7e4-439c-8657-c46b6c4ca72cimage.png','https://ssafytada.s3.ap-northeast-2.amazonaws.com/rooms/90/treasures/aba82d11-f7e4-439c-8657-c46b6c4ca72cimage.png','37.501298703418435','127.03961597967971','astd','https://d2ab9z4xn2ddpo.cloudfront.net/rooms/90/rewards/b99a6c09-db3a-45aa-a43b-d372510ff642image.png','https://ssafytada.s3.ap-northeast-2.amazonaws.com/rooms/90/rewards/b99a6c09-db3a-45aa-a43b-d372510ff642image.png','asdt',_binary '\0',NULL,'2023-05-18 17:41:09','2023-05-18 17:41:09'),(190,91,'https://d2ab9z4xn2ddpo.cloudfront.net/rooms/91/treasures/c1be7fb5-9331-482b-82d9-9f8514b1ba7cimage.png','https://ssafytada.s3.ap-northeast-2.amazonaws.com/rooms/91/treasures/c1be7fb5-9331-482b-82d9-9f8514b1ba7cimage.png','37.5128064','127.0284288','ㅁㅁㅁ','https://d2ab9z4xn2ddpo.cloudfront.net/rooms/91/rewards/a2b4b76d-349d-4094-8e0a-f01bf601d626jpeg','https://ssafytada.s3.ap-northeast-2.amazonaws.com/rooms/91/rewards/a2b4b76d-349d-4094-8e0a-f01bf601d626jpeg','ㄴㄴㄴ',_binary '','91_2090068425','2023-05-18 18:00:19','2023-05-18 18:03:10'),(191,91,'https://d2ab9z4xn2ddpo.cloudfront.net/rooms/91/treasures/40292881-6b0f-488b-b52b-1fcb62c3b0d0image.png','https://ssafytada.s3.ap-northeast-2.amazonaws.com/rooms/91/treasures/40292881-6b0f-488b-b52b-1fcb62c3b0d0image.png','37.50128068709621','127.03960466100645','멀캠','https://d2ab9z4xn2ddpo.cloudfront.net/rooms/91/rewards/157d0fee-690c-46e3-bf59-864292c0f7e9jpeg','https://ssafytada.s3.ap-northeast-2.amazonaws.com/rooms/91/rewards/157d0fee-690c-46e3-bf59-864292c0f7e9jpeg','ㅋㅋ',_binary '\0',NULL,'2023-05-18 18:01:12','2023-05-18 18:01:12'),(192,92,'https://d2ab9z4xn2ddpo.cloudfront.net/rooms/92/treasures/6c72e2b9-5bc7-48ff-b8cd-a564dfb74092image.png','https://ssafytada.s3.ap-northeast-2.amazonaws.com/rooms/92/treasures/6c72e2b9-5bc7-48ff-b8cd-a564dfb74092image.png','37.49721648326888','127.0397634414217','상','https://d2ab9z4xn2ddpo.cloudfront.net/rooms/92/rewards/12752452-75ea-4d09-b236-a2dd5db1cc7bjpeg','https://ssafytada.s3.ap-northeast-2.amazonaws.com/rooms/92/rewards/12752452-75ea-4d09-b236-a2dd5db1cc7bjpeg','갤플립',_binary '\0',NULL,'2023-05-18 19:55:08','2023-05-18 19:55:08'),(193,92,'https://d2ab9z4xn2ddpo.cloudfront.net/rooms/92/treasures/7a45dfa2-9070-4508-987c-020aaf38af44image.png','https://ssafytada.s3.ap-northeast-2.amazonaws.com/rooms/92/treasures/7a45dfa2-9070-4508-987c-020aaf38af44image.png','37.49721648326888','127.0397634414217','상','https://d2ab9z4xn2ddpo.cloudfront.net/rooms/92/rewards/e3aa11c1-e8f0-4f97-868e-1774edbe14aajpeg','https://ssafytada.s3.ap-northeast-2.amazonaws.com/rooms/92/rewards/e3aa11c1-e8f0-4f97-868e-1774edbe14aajpeg','갤플립',_binary '\0',NULL,'2023-05-18 19:55:10','2023-05-18 19:55:10'),(194,92,'https://d2ab9z4xn2ddpo.cloudfront.net/rooms/92/treasures/9ed3dbee-9d72-445a-947c-3cb8620fe5f1image.png','https://ssafytada.s3.ap-northeast-2.amazonaws.com/rooms/92/treasures/9ed3dbee-9d72-445a-947c-3cb8620fe5f1image.png','37.49721648326888','127.0397634414217','상','https://d2ab9z4xn2ddpo.cloudfront.net/rooms/92/rewards/92b3959f-a02a-421a-9a4b-306a6426abf3jpeg','https://ssafytada.s3.ap-northeast-2.amazonaws.com/rooms/92/rewards/92b3959f-a02a-421a-9a4b-306a6426abf3jpeg','갤플립',_binary '\0',NULL,'2023-05-18 19:55:11','2023-05-18 19:55:11'),(195,92,'https://d2ab9z4xn2ddpo.cloudfront.net/rooms/92/treasures/dab34f19-dd8d-408d-8823-7eb01906cc29image.png','https://ssafytada.s3.ap-northeast-2.amazonaws.com/rooms/92/treasures/dab34f19-dd8d-408d-8823-7eb01906cc29image.png','37.49721648326888','127.0397634414217','상','https://d2ab9z4xn2ddpo.cloudfront.net/rooms/92/rewards/3d582965-606e-442c-999e-fc7a95320545jpeg','https://ssafytada.s3.ap-northeast-2.amazonaws.com/rooms/92/rewards/3d582965-606e-442c-999e-fc7a95320545jpeg','갤플립',_binary '\0',NULL,'2023-05-18 19:55:11','2023-05-18 19:55:11'),(196,93,'https://d2ab9z4xn2ddpo.cloudfront.net/rooms/93/treasures/68b49961-d817-4ae6-9b3b-a68e93621c54image.png','https://ssafytada.s3.ap-northeast-2.amazonaws.com/rooms/93/treasures/68b49961-d817-4ae6-9b3b-a68e93621c54image.png','37.4868695','126.9522439','호랑이','https://d2ab9z4xn2ddpo.cloudfront.net/rooms/93/rewards/96f0bf71-3658-472b-bb03-79a53f233c9bimage.png','https://ssafytada.s3.ap-northeast-2.amazonaws.com/rooms/93/rewards/96f0bf71-3658-472b-bb03-79a53f233c9bimage.png','뿌링클',_binary '\0',NULL,'2023-05-18 23:02:52','2023-05-18 23:02:52'),(197,94,'https://d2ab9z4xn2ddpo.cloudfront.net/rooms/94/treasures/4b0fe745-d1c6-4eb3-83ef-f4dc0d2fd591image.png','https://ssafytada.s3.ap-northeast-2.amazonaws.com/rooms/94/treasures/4b0fe745-d1c6-4eb3-83ef-f4dc0d2fd591image.png','37.4868695','126.9522439','호랑이','https://d2ab9z4xn2ddpo.cloudfront.net/rooms/94/rewards/476b1f24-b23c-4f07-8528-864d3016080fimage.png','https://ssafytada.s3.ap-northeast-2.amazonaws.com/rooms/94/rewards/476b1f24-b23c-4f07-8528-864d3016080fimage.png','뿌링클',_binary '','94_7601885','2023-05-18 23:07:19','2023-05-18 23:09:04'),(198,95,'https://d2ab9z4xn2ddpo.cloudfront.net/rooms/95/treasures/5c676f0e-d9b0-482d-a479-219cc9154dbfimage.png','https://ssafytada.s3.ap-northeast-2.amazonaws.com/rooms/95/treasures/5c676f0e-d9b0-482d-a479-219cc9154dbfimage.png','37.486447178432094','126.95244310067062','호랑이','https://d2ab9z4xn2ddpo.cloudfront.net/rooms/95/rewards/2c41f3ed-7c62-4303-a6f0-6d715977ecefimage.png','https://ssafytada.s3.ap-northeast-2.amazonaws.com/rooms/95/rewards/2c41f3ed-7c62-4303-a6f0-6d715977ecefimage.png','교촌 레드콤보',_binary '','95_7601885','2023-05-18 23:10:59','2023-05-18 23:12:47'),(199,96,'https://d2ab9z4xn2ddpo.cloudfront.net/rooms/96/treasures/d04718d8-e787-4206-9353-cef3968c7796image.png','https://ssafytada.s3.ap-northeast-2.amazonaws.com/rooms/96/treasures/d04718d8-e787-4206-9353-cef3968c7796image.png','37.48717701297216','126.9524878661326','호랑이를 찾아보세요!','https://d2ab9z4xn2ddpo.cloudfront.net/rooms/96/rewards/c01bc8ef-cc3f-4ee7-8a08-87caba708dffimage.png','https://ssafytada.s3.ap-northeast-2.amazonaws.com/rooms/96/rewards/c01bc8ef-cc3f-4ee7-8a08-87caba708dffimage.png','노통~!',_binary '','96_7601885','2023-05-18 23:14:45','2023-05-18 23:16:30'),(200,97,'https://d2ab9z4xn2ddpo.cloudfront.net/rooms/97/treasures/ff792fa9-f9ef-4829-af16-7e6fa9870364image.png','https://ssafytada.s3.ap-northeast-2.amazonaws.com/rooms/97/treasures/ff792fa9-f9ef-4829-af16-7e6fa9870364image.png','37.48672644986472','126.95234116100022','ㅇㄹㅇㄹㄴㅇㄹㄴ','https://d2ab9z4xn2ddpo.cloudfront.net/rooms/97/rewards/7602960f-18f0-48fc-a198-fd1fddb565e8image.png','https://ssafytada.s3.ap-northeast-2.amazonaws.com/rooms/97/rewards/7602960f-18f0-48fc-a198-fd1fddb565e8image.png','ㄱㄱㄱㄱ',_binary '','97_7601885','2023-05-18 23:18:11','2023-05-18 23:22:05'),(201,98,'https://d2ab9z4xn2ddpo.cloudfront.net/rooms/98/treasures/df12198a-3533-4921-aa56-03e2cc762501image.png','https://ssafytada.s3.ap-northeast-2.amazonaws.com/rooms/98/treasures/df12198a-3533-4921-aa56-03e2cc762501image.png','37.566535','126.9779692','aa','https://d2ab9z4xn2ddpo.cloudfront.net/rooms/98/rewards/ad830838-e289-46d5-a077-b1d1cc134441image.png','https://ssafytada.s3.ap-northeast-2.amazonaws.com/rooms/98/rewards/ad830838-e289-46d5-a077-b1d1cc134441image.png','bb',_binary '\0',NULL,'2023-05-18 23:30:20','2023-05-18 23:30:20'),(202,99,'https://d2ab9z4xn2ddpo.cloudfront.net/rooms/99/treasures/5b0b6f10-cd3e-4bd6-9f8c-a2b4f64a0ec3image.png','https://ssafytada.s3.ap-northeast-2.amazonaws.com/rooms/99/treasures/5b0b6f10-cd3e-4bd6-9f8c-a2b4f64a0ec3image.png','37.4868644','126.9522444','dfsaawera','https://d2ab9z4xn2ddpo.cloudfront.net/rooms/99/rewards/86539338-f38e-4b74-aaaf-118d97ffcc76image.png','https://ssafytada.s3.ap-northeast-2.amazonaws.com/rooms/99/rewards/86539338-f38e-4b74-aaaf-118d97ffcc76image.png','dfawe',_binary '','99_193510616','2023-05-18 23:32:19','2023-05-18 23:33:14'),(203,100,'https://d2ab9z4xn2ddpo.cloudfront.net/rooms/100/treasures/a7e0fbbd-cdd0-4a96-8587-4e816203afa2image.png','https://ssafytada.s3.ap-northeast-2.amazonaws.com/rooms/100/treasures/a7e0fbbd-cdd0-4a96-8587-4e816203afa2image.png','37.486868','126.9522442','dd','https://d2ab9z4xn2ddpo.cloudfront.net/rooms/100/rewards/3595f1e4-d08b-4411-a59a-3b62204d093eimage.png','https://ssafytada.s3.ap-northeast-2.amazonaws.com/rooms/100/rewards/3595f1e4-d08b-4411-a59a-3b62204d093eimage.png','bb',_binary '','100_177692','2023-05-18 23:34:28','2023-05-18 23:36:09'),(204,102,'https://d2ab9z4xn2ddpo.cloudfront.net/rooms/102/treasures/87f8a7d5-991b-47c6-af4d-641d6443543aimage.png','https://ssafytada.s3.ap-northeast-2.amazonaws.com/rooms/102/treasures/87f8a7d5-991b-47c6-af4d-641d6443543aimage.png','37.486868','126.9522442','dfsad','https://d2ab9z4xn2ddpo.cloudfront.net/rooms/102/rewards/2ed530a6-2b90-4720-918f-8ec6a332cef1image.png','https://ssafytada.s3.ap-northeast-2.amazonaws.com/rooms/102/rewards/2ed530a6-2b90-4720-918f-8ec6a332cef1image.png','치즈케이크',_binary '\0',NULL,'2023-05-18 23:37:13','2023-05-18 23:37:13'),(205,101,'https://d2ab9z4xn2ddpo.cloudfront.net/rooms/101/treasures/06c03a9e-89a0-44f6-a39a-14c63e2642f9image.png','https://ssafytada.s3.ap-northeast-2.amazonaws.com/rooms/101/treasures/06c03a9e-89a0-44f6-a39a-14c63e2642f9image.png','37.480550093096284','126.85732641665506','곰','https://d2ab9z4xn2ddpo.cloudfront.net/rooms/101/rewards/76fe207f-df7c-4032-ba3d-3930ff2a18e2png','https://ssafytada.s3.ap-northeast-2.amazonaws.com/rooms/101/rewards/76fe207f-df7c-4032-ba3d-3930ff2a18e2png','123',_binary '','101_275257356','2023-05-18 23:39:32','2023-05-18 23:41:25'),(206,103,'https://d2ab9z4xn2ddpo.cloudfront.net/rooms/103/treasures/8aeb187a-6a6a-4f2b-9dce-91492df82ffcimage.png','https://ssafytada.s3.ap-northeast-2.amazonaws.com/rooms/103/treasures/8aeb187a-6a6a-4f2b-9dce-91492df82ffcimage.png','37.48055008968318','126.8573235901563','곰인가 쥐인가','https://d2ab9z4xn2ddpo.cloudfront.net/rooms/103/rewards/9d4fb3b9-d730-479b-8a38-ce09de0446b1png','https://ssafytada.s3.ap-northeast-2.amazonaws.com/rooms/103/rewards/9d4fb3b9-d730-479b-8a38-ce09de0446b1png','123',_binary '\0',NULL,'2023-05-18 23:47:52','2023-05-18 23:47:52'),(207,104,'https://d2ab9z4xn2ddpo.cloudfront.net/rooms/104/treasures/9a43bcd3-9478-44e0-bbd5-d9e8b964f445image.png','https://ssafytada.s3.ap-northeast-2.amazonaws.com/rooms/104/treasures/9a43bcd3-9478-44e0-bbd5-d9e8b964f445image.png','37.48047128234689','126.85734917851842','곰? 쥐?','https://d2ab9z4xn2ddpo.cloudfront.net/rooms/104/rewards/b42ec67b-7e91-44f8-b028-3ae8095ab515png','https://ssafytada.s3.ap-northeast-2.amazonaws.com/rooms/104/rewards/b42ec67b-7e91-44f8-b028-3ae8095ab515png','123',_binary '','104_2090751327','2023-05-18 23:54:02','2023-05-18 23:55:30'),(208,105,'https://d2ab9z4xn2ddpo.cloudfront.net/rooms/105/treasures/c846a045-a8c4-4c63-8c7b-64f544d54064image.png','https://ssafytada.s3.ap-northeast-2.amazonaws.com/rooms/105/treasures/c846a045-a8c4-4c63-8c7b-64f544d54064image.png','37.4799554732723','126.85736429148474','곰곰쥐쥐','https://d2ab9z4xn2ddpo.cloudfront.net/rooms/105/rewards/cc589724-beee-4161-9401-340a82cf08c7png','https://ssafytada.s3.ap-northeast-2.amazonaws.com/rooms/105/rewards/cc589724-beee-4161-9401-340a82cf08c7png','123',_binary '','105_2089565407','2023-05-18 23:58:27','2023-05-19 00:00:08'),(209,106,'https://d2ab9z4xn2ddpo.cloudfront.net/rooms/106/treasures/25968f76-49de-4015-84d9-7dc24b455c48image.png','https://ssafytada.s3.ap-northeast-2.amazonaws.com/rooms/106/treasures/25968f76-49de-4015-84d9-7dc24b455c48image.png','37.48092025831338','126.85795037358827','쥐쥐곰곰','https://d2ab9z4xn2ddpo.cloudfront.net/rooms/106/rewards/71a3a6c5-6e98-4aa8-8abe-efa30f80f4c6png','https://ssafytada.s3.ap-northeast-2.amazonaws.com/rooms/106/rewards/71a3a6c5-6e98-4aa8-8abe-efa30f80f4c6png','123',_binary '','106_-1741060205','2023-05-19 00:02:53','2023-05-19 00:03:51'),(210,109,'https://d2ab9z4xn2ddpo.cloudfront.net/rooms/109/treasures/d1c1ad2a-ebc1-469e-a35e-f6ce70a843adimage.png','https://ssafytada.s3.ap-northeast-2.amazonaws.com/rooms/109/treasures/d1c1ad2a-ebc1-469e-a35e-f6ce70a843adimage.png','37.48056872307808','126.857832325802','고곰','https://d2ab9z4xn2ddpo.cloudfront.net/rooms/109/rewards/2e4abc74-d2d8-4e33-9ded-db138c7d51cepng','https://ssafytada.s3.ap-northeast-2.amazonaws.com/rooms/109/rewards/2e4abc74-d2d8-4e33-9ded-db138c7d51cepng','123',_binary '','109_-1741060205','2023-05-19 00:12:18','2023-05-19 00:13:04'),(211,110,'https://d2ab9z4xn2ddpo.cloudfront.net/rooms/110/treasures/356c80a6-253f-49b4-8e15-6a58626dad31image.png','https://ssafytada.s3.ap-northeast-2.amazonaws.com/rooms/110/treasures/356c80a6-253f-49b4-8e15-6a58626dad31image.png','37.480234512058736','126.85713764161856','1','https://d2ab9z4xn2ddpo.cloudfront.net/rooms/110/rewards/3c358583-5730-4b31-9f30-58ad0214d7edpng','https://ssafytada.s3.ap-northeast-2.amazonaws.com/rooms/110/rewards/3c358583-5730-4b31-9f30-58ad0214d7edpng','12',_binary '','110_2090751327','2023-05-19 00:14:55','2023-05-19 00:15:38'),(212,111,'https://d2ab9z4xn2ddpo.cloudfront.net/rooms/111/treasures/a96f2dc9-f762-4441-9db6-34e6efb6050fimage.png','https://ssafytada.s3.ap-northeast-2.amazonaws.com/rooms/111/treasures/a96f2dc9-f762-4441-9db6-34e6efb6050fimage.png','37.48021654660415','126.8571828997047','p','https://d2ab9z4xn2ddpo.cloudfront.net/rooms/111/rewards/b6e5e3fc-8b0a-45c6-a335-2e69b562f94dpng','https://ssafytada.s3.ap-northeast-2.amazonaws.com/rooms/111/rewards/b6e5e3fc-8b0a-45c6-a335-2e69b562f94dpng','j',_binary '','111_275317218','2023-05-19 00:17:56','2023-05-19 00:22:09'),(213,112,'https://d2ab9z4xn2ddpo.cloudfront.net/rooms/112/treasures/111fd27a-67bb-4c8f-8d4b-e44bb7fd0382image.png','https://ssafytada.s3.ap-northeast-2.amazonaws.com/rooms/112/treasures/111fd27a-67bb-4c8f-8d4b-e44bb7fd0382image.png','37.48051902483062','126.8577137067873','123','https://d2ab9z4xn2ddpo.cloudfront.net/rooms/112/rewards/20b36a2d-749f-4a24-b196-c5f6b799efc8png','https://ssafytada.s3.ap-northeast-2.amazonaws.com/rooms/112/rewards/20b36a2d-749f-4a24-b196-c5f6b799efc8png','123',_binary '','112_2090751327','2023-05-19 00:29:16','2023-05-19 00:30:13'),(214,113,'https://d2ab9z4xn2ddpo.cloudfront.net/rooms/113/treasures/efcf4962-a961-4424-9b75-ebe76d8b987aimage.png','https://ssafytada.s3.ap-northeast-2.amazonaws.com/rooms/113/treasures/efcf4962-a961-4424-9b75-ebe76d8b987aimage.png','37.4808762','126.857308','123','https://d2ab9z4xn2ddpo.cloudfront.net/rooms/113/rewards/9749aa9e-cbb3-4e6e-bc67-b9cc32b24a61image.png','https://ssafytada.s3.ap-northeast-2.amazonaws.com/rooms/113/rewards/9749aa9e-cbb3-4e6e-bc67-b9cc32b24a61image.png','',_binary '','113_2090751327','2023-05-19 00:51:34','2023-05-19 00:52:41'),(215,114,'https://d2ab9z4xn2ddpo.cloudfront.net/rooms/114/treasures/67b72732-f75f-43a6-9615-b3c7c529a08fimage.png','https://ssafytada.s3.ap-northeast-2.amazonaws.com/rooms/114/treasures/67b72732-f75f-43a6-9615-b3c7c529a08fimage.png','37.48087527594961','126.85800698909225','123','https://d2ab9z4xn2ddpo.cloudfront.net/rooms/114/rewards/fcb923f2-f54f-4789-add5-12138b0c5325image.png','https://ssafytada.s3.ap-northeast-2.amazonaws.com/rooms/114/rewards/fcb923f2-f54f-4789-add5-12138b0c5325image.png','',_binary '','114_5863834','2023-05-19 01:01:25','2023-05-19 01:14:19');
/*!40000 ALTER TABLE `treasure` ENABLE KEYS */;
UNLOCK TABLES;

--
-- Table structure for table `user`
--

DROP TABLE IF EXISTS `user`;
/*!40101 SET @saved_cs_client     = @@character_set_client */;
/*!50503 SET character_set_client = utf8mb4 */;
CREATE TABLE `user` (
  `id` varchar(45) NOT NULL,
  `device_id` varchar(100) DEFAULT NULL,
  `nick` varchar(45) DEFAULT NULL,
  `img_no` int DEFAULT NULL,
  `create_time` timestamp NULL DEFAULT NULL,
  `mod_time` timestamp NULL DEFAULT NULL,
  `room_id` bigint NOT NULL,
  PRIMARY KEY (`id`),
  KEY `fk_user_room1_idx` (`room_id`),
  CONSTRAINT `fk_user_room1` FOREIGN KEY (`room_id`) REFERENCES `room` (`id`) ON DELETE CASCADE ON UPDATE CASCADE
) ENGINE=InnoDB DEFAULT CHARSET=utf8mb3;
/*!40101 SET character_set_client = @saved_cs_client */;

--
-- Dumping data for table `user`
--

LOCK TABLES `user` WRITE;
/*!40000 ALTER TABLE `user` DISABLE KEYS */;
INSERT INTO `user` VALUES ('100_177692',NULL,'w',2,'2023-05-18 23:35:32','2023-05-18 23:35:32',100),('101_275257356',NULL,'ta-da',7,'2023-05-18 23:40:45','2023-05-18 23:40:45',101),('102_5863805',NULL,'se',4,'2023-05-18 23:37:30','2023-05-18 23:37:30',102),('103_7669225',NULL,'타다',6,'2023-05-18 23:48:22','2023-05-18 23:48:22',103),('104_2090751327',NULL,'tada',2,'2023-05-18 23:54:24','2023-05-18 23:54:24',104),('105_2089565407',NULL,'TADA',4,'2023-05-18 23:58:56','2023-05-18 23:58:56',105),('106_-1741060205',NULL,'ㅅㅁㅇㅁ',2,'2023-05-19 00:03:13','2023-05-19 00:03:13',106),('109_-1741060205',NULL,'ㅅㅁㅇㅁ',3,'2023-05-19 00:12:32','2023-05-19 00:12:32',109),('10_221794',NULL,'경',4,'2023-05-12 12:32:47','2023-05-12 12:32:47',10),('10_224797',NULL,'롸',7,'2023-05-12 11:26:36','2023-05-12 11:26:36',10),('10_250628029',NULL,'유자차',6,'2023-05-12 13:16:12','2023-05-12 13:16:12',10),('10_254587182',NULL,'한원석',2,'2023-05-12 11:20:53','2023-05-12 11:20:53',10),('10_7586338',NULL,'유경',3,'2023-05-12 11:20:20','2023-05-12 11:20:20',10),('10_7593205',NULL,'유자',6,'2023-05-12 13:17:32','2023-05-12 13:17:32',10),('110_2090751327',NULL,'tada',4,'2023-05-19 00:15:09','2023-05-19 00:15:09',110),('111_275317218',NULL,'tadca',2,'2023-05-19 00:18:11','2023-05-19 00:18:11',111),('112_2090751327',NULL,'tada',7,'2023-05-19 00:29:49','2023-05-19 00:29:49',112),('113_2090751327',NULL,'tada',3,'2023-05-19 00:51:58','2023-05-19 00:51:58',113),('114_5863834',NULL,'ta',2,'2023-05-19 01:02:03','2023-05-19 01:02:03',114),('11_7586338',NULL,'유경',3,'2023-05-12 13:22:14','2023-05-12 13:22:14',11),('13_-1740951271',NULL,'ㅈㅂㅈㅂ',1,'2023-05-12 14:18:36','2023-05-12 14:18:36',13),('13_-1945602507',NULL,'우하하하하',5,'2023-05-12 14:14:28','2023-05-12 14:14:28',13),('13_-334888331',NULL,'야야야야',9,'2023-05-12 14:22:30','2023-05-12 14:22:30',13),('13_177647',NULL,'J',5,NULL,'2023-05-14 12:43:12',13),('13_190192',NULL,'ㅋ',8,'2023-05-12 14:23:18','2023-05-12 14:23:18',13),('13_190216',NULL,'ㅣ',3,'2023-05-12 14:25:47','2023-05-12 14:25:47',13),('13_230985',NULL,'키',1,'2023-05-12 14:01:16','2023-05-12 14:01:16',13),('13_250151385',NULL,'야야야',3,'2023-05-12 14:10:56','2023-05-12 14:10:56',13),('13_254710765',NULL,'하하하',5,'2023-05-12 13:43:57','2023-05-12 13:43:57',13),('13_6288173',NULL,'ㄴㄴ',2,'2023-05-12 14:16:02','2023-05-12 14:16:02',13),('13_6288649',NULL,'ㅂㅂ',4,'2023-05-12 14:17:07','2023-05-12 14:17:07',13),('13_6288955',NULL,'ㅋㅋ',4,'2023-05-12 14:20:10','2023-05-12 14:20:10',13),('13_6289045',NULL,'ㅎㅂ',1,'2023-05-12 14:18:03','2023-05-12 14:18:03',13),('13_7401350',NULL,'끼악',5,'2023-05-12 14:34:41','2023-05-12 14:34:41',13),('13_7586338',NULL,'유경',8,'2023-05-12 13:42:00','2023-05-12 13:42:00',13),('13_7596313',NULL,'자아',6,'2023-05-12 13:45:22','2023-05-12 13:45:22',13),('13_7601885',NULL,'재희',6,'2023-05-12 13:45:59','2023-05-12 13:45:59',13),('13_7713297',NULL,'하이',3,'2023-05-12 14:19:05','2023-05-12 14:19:05',13),('13_7716853',NULL,'하하',7,'2023-05-12 13:59:31','2023-05-12 13:59:31',13),('13_7731553',NULL,'히요',2,'2023-05-12 14:08:44','2023-05-12 14:08:44',13),('14_7586338',NULL,'유경',9,'2023-05-12 16:24:43','2023-05-12 16:24:43',14),('15_-4580925289',NULL,'한원석입니다....',3,'2023-05-12 15:35:21','2023-05-12 15:35:21',15),('16_500833387',NULL,'test33',2,'2023-05-12 15:38:40','2023-05-12 15:38:40',16),('17_253423885',NULL,'테스트',1,NULL,'2023-05-12 16:36:04',17),('18_246307515',NULL,'랩원석',2,NULL,'2023-05-12 17:01:42',18),('19_252369881',NULL,'최재희',7,NULL,'2023-05-12 17:17:47',19),('19_254731266',NULL,'함형준',9,'2023-05-12 17:45:23','2023-05-12 17:45:23',19),('1_193486540',NULL,'ass',3,NULL,'2023-05-12 11:13:02',1),('1_224202',NULL,'똥',2,'2023-05-11 14:24:22','2023-05-11 14:24:22',1),('1_229238',NULL,'집',2,'2023-05-11 14:16:15','2023-05-11 14:16:15',1),('1_232193',NULL,'한',3,NULL,'2023-05-11 14:17:05',1),('1_244766998',NULL,'닉네임',2,'2023-05-11 14:55:30','2023-05-11 14:55:30',1),('1_246333890',NULL,'랩진우',5,'2023-05-12 16:42:28','2023-05-12 16:42:28',1),('1_250253421',NULL,'왈라비',9,'2023-05-12 16:04:45','2023-05-12 16:04:45',1),('1_251356234',NULL,'진우짱',5,'2023-05-11 15:49:35','2023-05-11 15:49:35',1),('1_253431689',NULL,'asdff',2,NULL,'2023-05-11 14:17:13',1),('1_254587182',NULL,'한원석',9,'2023-05-12 12:09:44','2023-05-12 12:09:44',1),('1_2923349138',NULL,'아이돌한원석',4,'2023-05-12 15:25:18','2023-05-12 15:25:18',1),('1_7492222',NULL,'민경',3,NULL,'2023-05-11 17:38:08',1),('1_7594385',NULL,'유찬',8,NULL,'2023-05-11 15:25:42',1),('20_237727256',NULL,'Tkdgi',4,'2023-05-12 19:17:52','2023-05-12 19:17:52',20),('21_7713318',NULL,'하잉',2,NULL,'2023-05-16 13:10:14',21),('22_7601885',NULL,'재희',6,'2023-05-17 14:31:12','2023-05-17 14:31:12',22),('24_7447918',NULL,'미1',1,'2023-05-15 10:54:09','2023-05-15 10:54:09',24),('24_7447919',NULL,'미2',2,'2023-05-15 10:54:29','2023-05-15 10:54:29',24),('24_7447920',NULL,'미3',3,'2023-05-15 10:55:15','2023-05-15 10:55:15',24),('25_254587182',NULL,'한원석',7,'2023-05-15 14:11:56','2023-05-15 14:11:56',25),('26_243587422',NULL,'김민경',7,NULL,'2023-05-15 14:55:13',26),('28_-226895771',NULL,'테스트언',8,'2023-05-15 15:42:44','2023-05-15 15:42:44',28),('29_243587809',NULL,'김민김',8,NULL,'2023-05-15 17:30:16',29),('29_256344178',NULL,'daeun',9,NULL,'2023-05-15 16:23:08',29),('2_-1925697226',NULL,'한원석이요',8,'2023-05-12 09:11:30','2023-05-12 09:11:30',2),('30_-1925795786',NULL,'한원석바보',9,'2023-05-15 16:28:13','2023-05-15 16:28:13',30),('31_-429182902',NULL,'민경여신',3,NULL,'2023-05-15 16:44:29',31),('31_249803261',NULL,'쓰꺼러',6,'2023-05-15 16:45:00','2023-05-15 16:45:00',31),('31_7601913',NULL,'재히',3,'2023-05-15 16:42:55','2023-05-15 16:42:55',31),('32_-331677430',NULL,'여신민경',9,'2023-05-15 17:31:41','2023-05-15 17:31:41',32),('32_-437510403',NULL,'머지노예',2,'2023-05-15 17:30:35','2023-05-15 17:30:35',32),('32_2089026681',NULL,'Dana',6,'2023-05-15 17:31:48','2023-05-15 17:31:48',32),('32_250485238',NULL,'원석임',8,NULL,'2023-05-15 17:31:00',32),('32_443228851',NULL,'다은~.~',1,NULL,'2023-05-15 17:37:53',32),('32_7597965',NULL,'제리',6,NULL,'2023-05-15 17:33:33',32),('32_7601913',NULL,'재히',4,'2023-05-15 17:30:56','2023-05-15 17:30:56',32),('33_-130576245',NULL,'daeuyn',6,'2023-05-15 17:49:32','2023-05-15 17:49:32',33),('33_228689',NULL,'재',1,NULL,'2023-05-15 17:50:03',33),('33_7601885',NULL,'재희',7,'2023-05-15 17:49:23','2023-05-15 17:49:23',33),('34_2090756197',NULL,'test',2,'2023-05-16 14:02:34','2023-05-16 14:02:34',34),('35_2090756197',NULL,'test',2,'2023-05-16 14:06:10','2023-05-16 14:06:10',35),('36_254587182',NULL,'한원석',8,'2023-05-16 14:23:56','2023-05-16 14:23:56',36),('37_7601885',NULL,'재희',1,'2023-05-16 16:50:03','2023-05-16 16:50:03',37),('40_-1542621167',NULL,'멋쟁이신사',1,'2023-05-17 13:28:23','2023-05-17 13:28:23',40),('44_253084458',NULL,'타다!',2,'2023-05-17 14:08:02','2023-05-17 14:08:02',44),('47_7601885',NULL,'재희',1,'2023-05-17 14:35:11','2023-05-17 14:35:11',47),('48_7601885',NULL,'재희',2,'2023-05-17 14:49:34','2023-05-17 14:49:34',48),('49_-2103800413',NULL,'원석노트북',3,'2023-05-17 14:57:33','2023-05-17 14:57:33',49),('49_250488418',NULL,'원석폰',2,'2023-05-17 14:57:05','2023-05-17 14:57:05',49),('49_6289050',NULL,'ㅎㅇ',7,'2023-05-17 14:57:49','2023-05-17 14:57:49',49),('4_-1754248706',NULL,'아프지마한원석',8,'2023-05-11 15:04:09','2023-05-11 15:04:09',4),('4_11113333',NULL,'기침하는한원석',5,'2023-05-11 10:42:00','2023-05-11 10:42:00',4),('4_12341234',NULL,'danaa',4,'2023-05-11 10:15:00','2023-05-11 10:15:00',4),('4_134455667',NULL,'유갱이',2,'2023-05-11 10:42:00','2023-05-11 10:42:00',4),('4_244984341',NULL,'다은찌',9,'2023-05-11 13:35:35','2023-05-11 13:35:35',4),('4_246333890',NULL,'랩진우',4,'2023-05-11 13:38:00','2023-05-11 13:38:00',4),('4_250707766',NULL,'이유경',3,'2023-05-11 13:29:14','2023-05-11 13:29:14',4),('4_254587182',NULL,'한원석',2,'2023-05-11 13:33:32','2023-05-11 13:33:32',4),('51_-2103800413',NULL,'원석노트북',3,'2023-05-17 15:00:48','2023-05-17 15:00:48',51),('51_250488418',NULL,'원석폰',2,'2023-05-17 15:00:47','2023-05-17 15:00:47',51),('58_7601885',NULL,'재희',3,'2023-05-18 10:02:05','2023-05-18 10:02:05',58),('62_243633697',NULL,'김사원',6,'2023-05-17 17:15:35','2023-05-17 17:15:35',62),('62_243693777',NULL,'김인턴',7,'2023-05-17 17:16:28','2023-05-17 17:16:28',62),('62_247370982',NULL,'박대리',2,'2023-05-17 17:15:53','2023-05-17 17:15:53',62),('62_250493818',NULL,'이과장',9,'2023-05-17 17:16:13','2023-05-17 17:16:13',62),('63_177641',NULL,'D',1,'2023-05-18 08:50:34','2023-05-18 08:50:34',63),('64_193454347',NULL,'Daa',3,'2023-05-18 09:19:18','2023-05-18 09:19:18',64),('65_193454347',NULL,'Daa',3,'2023-05-18 09:24:49','2023-05-18 09:24:49',65),('66_193454347',NULL,'Daa',3,'2023-05-18 09:27:45','2023-05-18 09:27:45',66),('68_250669147',NULL,'정과장',6,'2023-05-18 10:28:53','2023-05-18 10:28:53',68),('68_7586338',NULL,'유경',7,'2023-05-18 10:27:03','2023-05-18 10:27:03',68),('68_7713297',NULL,'하이',6,'2023-05-18 10:26:41','2023-05-18 10:26:41',68),('69_243633697',NULL,'김사원',1,'2023-05-18 10:43:40','2023-05-18 10:43:40',69),('69_247489846',NULL,'박사원',8,'2023-05-18 10:44:12','2023-05-18 10:44:12',69),('69_250453941',NULL,'윤대리',5,'2023-05-18 10:43:53','2023-05-18 10:43:53',69),('69_250669147',NULL,'정과장',6,'2023-05-18 10:41:50','2023-05-18 10:41:50',69),('70_243514833',NULL,'김대리',1,'2023-05-18 10:53:27','2023-05-18 10:53:27',70),('70_247489846',NULL,'박사원',6,'2023-05-18 10:54:16','2023-05-18 10:54:16',70),('70_250659925',NULL,'이사원',8,'2023-05-18 10:54:39','2023-05-18 10:54:39',70),('70_250669147',NULL,'정과장',3,NULL,'2023-05-18 10:54:55',70),('71_1102278474',NULL,'테스틉니다',4,'2023-05-18 11:04:28','2023-05-18 11:04:28',71),('72_243514833',NULL,'김대리',1,'2023-05-18 11:19:43','2023-05-18 11:19:43',72),('72_247489846',NULL,'박사원',6,'2023-05-18 11:20:05','2023-05-18 11:20:05',72),('72_250659925',NULL,'이사원',8,'2023-05-18 11:20:40','2023-05-18 11:20:40',72),('72_250669147',NULL,'정과장',3,'2023-05-18 11:17:39','2023-05-18 11:17:39',72),('73_7601885',NULL,'재희',6,'2023-05-18 13:22:35','2023-05-18 13:22:35',73),('74_7601885',NULL,'재희',6,'2023-05-18 13:26:08','2023-05-18 13:26:08',74),('75_7601885',NULL,'재희',6,'2023-05-18 13:41:44','2023-05-18 13:41:44',75),('76_193471873',NULL,'Tdd',3,'2023-05-18 13:48:29','2023-05-18 13:48:29',76),('77_5862253',NULL,'Dd',3,'2023-05-18 13:58:16','2023-05-18 13:58:16',77),('79_7601885',NULL,'재희',6,'2023-05-18 14:03:04','2023-05-18 14:03:04',79),('80_7601885',NULL,'재희',1,'2023-05-18 14:09:12','2023-05-18 14:09:12',80),('81_5863955',NULL,'ww',1,'2023-05-18 14:43:31','2023-05-18 14:43:31',81),('82_516774168',NULL,'tsadst',2,'2023-05-18 16:02:01','2023-05-18 16:02:01',82),('84_6288615',NULL,'ㅁㅁ',1,'2023-05-18 15:20:29','2023-05-18 15:20:29',84),('85_5862119',NULL,'AA',1,'2023-05-18 15:23:24','2023-05-18 15:23:24',85),('86_5862119',NULL,'AA',2,'2023-05-18 15:25:19','2023-05-18 15:25:19',86),('87_243633697',NULL,'김사원',6,'2023-05-18 15:32:21','2023-05-18 15:32:21',87),('87_243693777',NULL,'김인턴',1,'2023-05-18 15:37:09','2023-05-18 15:37:09',87),('87_247644895',NULL,'박팀장',3,'2023-05-18 15:35:20','2023-05-18 15:35:20',87),('87_250541061',NULL,'이대리',4,'2023-05-18 15:34:27','2023-05-18 15:34:27',87),('87_250669147',NULL,'정과장',5,'2023-05-18 15:33:29','2023-05-18 15:33:29',87),('88_250669147',NULL,'정과장',3,NULL,'2023-05-18 15:59:13',88),('89_243467590',NULL,'김과장',7,'2023-05-18 17:39:14','2023-05-18 17:39:14',89),('89_243514833',NULL,'김대리',1,'2023-05-18 17:38:39','2023-05-18 17:38:39',89),('89_243633697',NULL,'김사원',9,'2023-05-18 17:36:42','2023-05-18 17:36:42',89),('89_247370982',NULL,'박대리',4,'2023-05-18 17:37:20','2023-05-18 17:37:20',89),('89_247489846',NULL,'박사원',3,'2023-05-18 17:38:50','2023-05-18 17:38:50',89),('89_250659925',NULL,'이사원',5,'2023-05-18 17:39:00','2023-05-18 17:39:00',89),('89_250669147',NULL,'정과장',2,'2023-05-18 17:37:00','2023-05-18 17:37:00',89),('89_254510182',NULL,'한부장',8,'2023-05-18 17:37:54','2023-05-18 17:37:54',89),('90_193486573',NULL,'ats',8,'2023-05-18 17:41:32','2023-05-18 17:41:32',90),('91_2090068425',NULL,'aaaa',5,'2023-05-18 18:02:24','2023-05-18 18:02:24',91),('92_7593769',NULL,'유진',7,NULL,'2023-05-18 19:58:32',92),('93_7601885',NULL,'재희',8,'2023-05-18 23:03:23','2023-05-18 23:03:23',93),('94_7601885',NULL,'재희',6,'2023-05-18 23:07:57','2023-05-18 23:07:57',94),('95_7601885',NULL,'재희',3,'2023-05-18 23:11:30','2023-05-18 23:11:30',95),('96_7601885',NULL,'재희',3,'2023-05-18 23:15:08','2023-05-18 23:15:08',96),('97_7601885',NULL,'재희',2,'2023-05-18 23:18:28','2023-05-18 23:18:28',97),('98_5863207',NULL,'aa',3,'2023-05-18 23:30:30','2023-05-18 23:30:30',98),('99_193510616',NULL,'wwe',3,'2023-05-18 23:32:36','2023-05-18 23:32:36',99),('9_254587182',NULL,'한원석',2,'2023-05-12 11:13:41','2023-05-12 11:13:41',9);
/*!40000 ALTER TABLE `user` ENABLE KEYS */;
UNLOCK TABLES;
SET @@SESSION.SQL_LOG_BIN = @MYSQLDUMP_TEMP_LOG_BIN;
/*!40103 SET TIME_ZONE=@OLD_TIME_ZONE */;

/*!40101 SET SQL_MODE=@OLD_SQL_MODE */;
/*!40014 SET FOREIGN_KEY_CHECKS=@OLD_FOREIGN_KEY_CHECKS */;
/*!40014 SET UNIQUE_CHECKS=@OLD_UNIQUE_CHECKS */;
/*!40101 SET CHARACTER_SET_CLIENT=@OLD_CHARACTER_SET_CLIENT */;
/*!40101 SET CHARACTER_SET_RESULTS=@OLD_CHARACTER_SET_RESULTS */;
/*!40101 SET COLLATION_CONNECTION=@OLD_COLLATION_CONNECTION */;
/*!40111 SET SQL_NOTES=@OLD_SQL_NOTES */;

-- Dump completed on 2023-05-19  1:26:37
